title,artist,track_id,album_image,country,genre,danceability,energy,key,loudness,mode,speechiness,acousticness,instrumentalness,liveness,valence,tempo,type,id,uri,track_href,analysis_url,duration_ms,time_signature
Chopin : Etude No.3 In E Major Op.10-3 'Tristesse' ,클래식,69fOYJcOQy0493BHGN9uSk,https://cdnimg.melon.co.kr/cm/album/images/026/38/190/2638190_500.jpg/melon/resize/120/quality/80/optimize,etc,클래식,0.415,0.0922,4,-24.782,1,0.0394,0.989,0.925,0.0734,0.0869,68.101,audio_features,69fOYJcOQy0493BHGN9uSk,spotify:track:69fOYJcOQy0493BHGN9uSk,https://api.spotify.com/v1/tracks/69fOYJcOQy0493BHGN9uSk,https://api.spotify.com/v1/audio-analysis/69fOYJcOQy0493BHGN9uSk,266368,4
Satie : Gymnopedie No.1 - Lent Et Douloureux ,클래식,3mUQxsY9Nv8xpJdcRqMZUE,https://cdnimg.melon.co.kr/cm/album/images/026/38/190/2638190_500.jpg/melon/resize/120/quality/80/optimize,etc,클래식,0.484,0.00704,7,-29.18,1,0.0596,0.99,0.956,0.103,0.211,97.727,audio_features,3mUQxsY9Nv8xpJdcRqMZUE,spotify:track:3mUQxsY9Nv8xpJdcRqMZUE,https://api.spotify.com/v1/tracks/3mUQxsY9Nv8xpJdcRqMZUE,https://api.spotify.com/v1/audio-analysis/3mUQxsY9Nv8xpJdcRqMZUE,150629,3
Schumann : Kinderszenen Op.15 - VII. Traumerei ,클래식,3udOcEqTM4d243qb4oWsMd,https://cdnimg.melon.co.kr/cm/album/images/026/38/190/2638190_500.jpg/melon/resize/120/quality/80/optimize,etc,클래식,0.423,0.0268,5,-24.759,1,0.0623,0.995,0.933,0.0837,0.469,70.91,audio_features,3udOcEqTM4d243qb4oWsMd,spotify:track:3udOcEqTM4d243qb4oWsMd,https://api.spotify.com/v1/tracks/3udOcEqTM4d243qb4oWsMd,https://api.spotify.com/v1/audio-analysis/3udOcEqTM4d243qb4oWsMd,149084,5
Schumann : Fantasiestucke Op.12 - I. Des Abends ,클래식,79F4t48N0h5HHfkuoK73TH,https://cdnimg.melon.co.kr/cm/album/images/026/38/190/2638190_500.jpg/melon/resize/120/quality/80/optimize,etc,클래식,0.437,0.0409,1,-27.495,1,0.0386,0.994,0.906,0.097,0.0936,100.974,audio_features,79F4t48N0h5HHfkuoK73TH,spotify:track:79F4t48N0h5HHfkuoK73TH,https://api.spotify.com/v1/tracks/79F4t48N0h5HHfkuoK73TH,https://api.spotify.com/v1/audio-analysis/79F4t48N0h5HHfkuoK73TH,211904,3
Saint-Saens : La Carnaval Des Animaux - XIII. Le Cygne ,클래식,5vmVMlVoxhuca3kubo0RyQ,https://cdnimg.melon.co.kr/cm/album/images/023/37/327/2337327_500.jpg/melon/resize/120/quality/80/optimize,etc,클래식,0.383,0.0145,7,-26.831,1,0.0392,0.976,0.862,0.107,0.143,87.771,audio_features,5vmVMlVoxhuca3kubo0RyQ,spotify:track:5vmVMlVoxhuca3kubo0RyQ,https://api.spotify.com/v1/tracks/5vmVMlVoxhuca3kubo0RyQ,https://api.spotify.com/v1/audio-analysis/5vmVMlVoxhuca3kubo0RyQ,128857,3
Debussy : Preludes Book I. L.117 - VIII. La Fille Aux Cheveux De Lin ,클래식,11t0kNf1zg2QvwfuGUpBEf,https://cdnimg.melon.co.kr/cm/album/images/026/38/190/2638190_500.jpg/melon/resize/120/quality/80/optimize,etc,클래식,0.454,0.00761,6,-28.018,1,0.071,0.989,0.923,0.0586,0.0589,136.668,audio_features,11t0kNf1zg2QvwfuGUpBEf,spotify:track:11t0kNf1zg2QvwfuGUpBEf,https://api.spotify.com/v1/tracks/11t0kNf1zg2QvwfuGUpBEf,https://api.spotify.com/v1/audio-analysis/11t0kNf1zg2QvwfuGUpBEf,176683,1
Grieg : Peer Gynt Suite No.1 Op.46 - I. Morning Mood ,클래식,4V81WW08Q5s8OfiUnK9M0h,https://cdnimg.melon.co.kr/cm/album/images/023/37/327/2337327_500.jpg/melon/resize/120/quality/80/optimize,etc,클래식,0.609,0.0906,4,-22.638,1,0.043,0.991,0.906,0.105,0.061,127.999,audio_features,4V81WW08Q5s8OfiUnK9M0h,spotify:track:4V81WW08Q5s8OfiUnK9M0h,https://api.spotify.com/v1/tracks/4V81WW08Q5s8OfiUnK9M0h,https://api.spotify.com/v1/audio-analysis/4V81WW08Q5s8OfiUnK9M0h,245131,3
Elgar : Salut D'amour In E Major Op.12 ,클래식,2xva2p8QNkY67m4TgtxUef,https://cdnimg.melon.co.kr/cm/album/images/023/37/327/2337327_500.jpg/melon/resize/120/quality/80/optimize,etc,클래식,0.47,0.129,2,-24.637,1,0.033,0.98,0.864,0.708,0.268,82.352,audio_features,2xva2p8QNkY67m4TgtxUef,spotify:track:2xva2p8QNkY67m4TgtxUef,https://api.spotify.com/v1/tracks/2xva2p8QNkY67m4TgtxUef,https://api.spotify.com/v1/audio-analysis/2xva2p8QNkY67m4TgtxUef,163585,4
Mozart : Piano Sonata No.16 In C Major K.545 - II. Andante ,클래식,3BrVH3EyptMQZSGMZHD8YP,photo/logo.png,etc,클래식,0.417,0.061,7,-26.028,1,0.0437,0.993,0.908,0.109,0.342,124.336,audio_features,3BrVH3EyptMQZSGMZHD8YP,spotify:track:3BrVH3EyptMQZSGMZHD8YP,https://api.spotify.com/v1/tracks/3BrVH3EyptMQZSGMZHD8YP,https://api.spotify.com/v1/audio-analysis/3BrVH3EyptMQZSGMZHD8YP,239477,3
Beethoven : Piano Sonata No.8 In C Minor Op.13 'Pathetique' - III. Rondo. Allegro ,클래식,1a4x0DM0jacdWb0q52HqwB,https://cdnimg.melon.co.kr/cm/album/images/026/47/919/2647919_500.jpg/melon/resize/120/quality/80/optimize,etc,클래식,0.478,0.172,0,-23.531,0,0.0394,0.974,0.93,0.13,0.505,160.047,audio_features,1a4x0DM0jacdWb0q52HqwB,spotify:track:1a4x0DM0jacdWb0q52HqwB,https://api.spotify.com/v1/tracks/1a4x0DM0jacdWb0q52HqwB,https://api.spotify.com/v1/audio-analysis/1a4x0DM0jacdWb0q52HqwB,319504,4
Clementi : Piano Sonatine In C Major Op.36-1 - III. Vivace ,클래식,2y51E7cG9a0cH1alkAtPq7,https://cdnimg.melon.co.kr/cm/album/images/022/69/394/2269394_500.jpg/melon/resize/120/quality/80/optimize,etc,클래식,0.553,0.221,0,-24.645,1,0.0314,0.975,0.871,0.376,0.592,97.006,audio_features,2y51E7cG9a0cH1alkAtPq7,spotify:track:2y51E7cG9a0cH1alkAtPq7,https://api.spotify.com/v1/tracks/2y51E7cG9a0cH1alkAtPq7,https://api.spotify.com/v1/audio-analysis/2y51E7cG9a0cH1alkAtPq7,72319,4
Chopin : Ballade No.1 In G Minor Op.23 ,클래식,5o29EPFOMuLC48AFEwXYU9,photo/logo.png,etc,클래식,0.332,0.149,7,-20.393,0,0.0443,0.992,0.885,0.0771,0.0626,137.881,audio_features,5o29EPFOMuLC48AFEwXYU9,spotify:track:5o29EPFOMuLC48AFEwXYU9,https://api.spotify.com/v1/tracks/5o29EPFOMuLC48AFEwXYU9,https://api.spotify.com/v1/audio-analysis/5o29EPFOMuLC48AFEwXYU9,564520,3
Haydn : Piano Sonata No.62 In E Flat Major Hob.XVI-52 - I. Allegro ,클래식,7DtDU4yQzloJ1ZsU8pV7DY,https://cdnimg.melon.co.kr/cm/album/images/026/47/919/2647919_500.jpg/melon/resize/120/quality/80/optimize,etc,클래식,0.318,0.169,3,-27.342,1,0.0363,0.973,0.919,0.457,0.19,146.839,audio_features,7DtDU4yQzloJ1ZsU8pV7DY,spotify:track:7DtDU4yQzloJ1ZsU8pV7DY,https://api.spotify.com/v1/tracks/7DtDU4yQzloJ1ZsU8pV7DY,https://api.spotify.com/v1/audio-analysis/7DtDU4yQzloJ1ZsU8pV7DY,380366,4
Debussy : Suite Bergamasque L.75 - III. Clair De Lune ,클래식,5UoNb0eyKatBPI6ComfRr6,https://cdnimg.melon.co.kr/cm/album/images/026/54/859/2654859_500.jpg/melon/resize/120/quality/80/optimize,etc,클래식,0.422,0.035,1,-25.861,1,0.0401,0.987,0.952,0.0818,0.0597,133.621,audio_features,5UoNb0eyKatBPI6ComfRr6,spotify:track:5UoNb0eyKatBPI6ComfRr6,https://api.spotify.com/v1/tracks/5UoNb0eyKatBPI6ComfRr6,https://api.spotify.com/v1/audio-analysis/5UoNb0eyKatBPI6ComfRr6,292128,5
Brahms : Waltz No.15 In A Flat Major Op.39 ,클래식,2kgeUTpzWZY02gDNGxCyfa,https://cdnimg.melon.co.kr/cm/album/images/023/37/327/2337327_500.jpg/melon/resize/120/quality/80/optimize,etc,클래식,0.338,0.0896,8,-19.997,1,0.0417,0.988,0.955,0.105,0.112,83.826,audio_features,2kgeUTpzWZY02gDNGxCyfa,spotify:track:2kgeUTpzWZY02gDNGxCyfa,https://api.spotify.com/v1/tracks/2kgeUTpzWZY02gDNGxCyfa,https://api.spotify.com/v1/audio-analysis/2kgeUTpzWZY02gDNGxCyfa,98211,3
Clementi : Piano Sonatine In C Major Op.36-3 - I. Spritoso ,클래식,1Sen3s5ZWey8HdcXJZb15F,https://cdnimg.melon.co.kr/cm/album/images/026/38/190/2638190_500.jpg/melon/resize/120/quality/80/optimize,etc,클래식,0.622,0.155,7,-27.319,1,0.0328,0.988,0.91,0.142,0.481,107.687,audio_features,1Sen3s5ZWey8HdcXJZb15F,spotify:track:1Sen3s5ZWey8HdcXJZb15F,https://api.spotify.com/v1/tracks/1Sen3s5ZWey8HdcXJZb15F,https://api.spotify.com/v1/audio-analysis/1Sen3s5ZWey8HdcXJZb15F,204768,4
Beethoven : Minuet No.2 In G Major WoO.10 ,클래식,3kcNU0dOiq1u4sRGq9urKx,https://cdnimg.melon.co.kr/cm/album/images/023/37/327/2337327_500.jpg/melon/resize/120/quality/80/optimize,etc,클래식,0.427,0.136,7,-21.65,1,0.041,0.993,0.909,0.128,0.498,100.637,audio_features,3kcNU0dOiq1u4sRGq9urKx,spotify:track:3kcNU0dOiq1u4sRGq9urKx,https://api.spotify.com/v1/tracks/3kcNU0dOiq1u4sRGq9urKx,https://api.spotify.com/v1/audio-analysis/3kcNU0dOiq1u4sRGq9urKx,149333,3
Satie : Gymnopedie No.1 - Lent Et Douloureux ,클래식,3mUQxsY9Nv8xpJdcRqMZUE,https://cdnimg.melon.co.kr/cm/album/images/026/38/190/2638190_500.jpg/melon/resize/120/quality/80/optimize,etc,클래식,0.484,0.00704,7,-29.18,1,0.0596,0.99,0.956,0.103,0.211,97.727,audio_features,3mUQxsY9Nv8xpJdcRqMZUE,spotify:track:3mUQxsY9Nv8xpJdcRqMZUE,https://api.spotify.com/v1/tracks/3mUQxsY9Nv8xpJdcRqMZUE,https://api.spotify.com/v1/audio-analysis/3mUQxsY9Nv8xpJdcRqMZUE,150629,3
드뷔시: 달빛,클래식,3SMRFbiljCHeWxrUm2YTpz,photo/logo.png,etc,클래식,0.649,0.067,1,-26.831,1,0.0474,0.991,0.928,0.0994,0.0673,130.011,audio_features,3SMRFbiljCHeWxrUm2YTpz,spotify:track:3SMRFbiljCHeWxrUm2YTpz,https://api.spotify.com/v1/tracks/3SMRFbiljCHeWxrUm2YTpz,https://api.spotify.com/v1/audio-analysis/3SMRFbiljCHeWxrUm2YTpz,303177,3
Chopin : Ballade No.2 In F Major Op.38 ,클래식,54uzHGkB0kDpe6ehJZzWAd,https://cdnimg.melon.co.kr/cm/album/images/023/37/327/2337327_500.jpg/melon/resize/120/quality/80/optimize,etc,클래식,0.364,0.143,5,-22.167,1,0.0332,0.955,0.931,0.0756,0.0669,125.038,audio_features,54uzHGkB0kDpe6ehJZzWAd,spotify:track:54uzHGkB0kDpe6ehJZzWAd,https://api.spotify.com/v1/tracks/54uzHGkB0kDpe6ehJZzWAd,https://api.spotify.com/v1/audio-analysis/54uzHGkB0kDpe6ehJZzWAd,389813,4
Chopin : Waltz No.10 In B Minor Op.69-2 ,클래식,2QmYogHTnthUWDVBXAeWB5,https://cdnimg.melon.co.kr/cm/album/images/026/48/755/2648755_500.jpg/melon/resize/120/quality/80/optimize,etc,클래식,0.576,0.194,11,-21.951,0,0.0452,0.991,0.909,0.171,0.426,130.09,audio_features,2QmYogHTnthUWDVBXAeWB5,spotify:track:2QmYogHTnthUWDVBXAeWB5,https://api.spotify.com/v1/tracks/2QmYogHTnthUWDVBXAeWB5,https://api.spotify.com/v1/audio-analysis/2QmYogHTnthUWDVBXAeWB5,246486,3
"Chopin: Polonaise In A Flat Major, Op.53 ",클래식,7HuARvTJOKceFNYVP4uUsN,photo/logo.png,etc,클래식,0.583,0.288,8,-16.773,1,0.0299,0.956,0.925,0.109,0.526,130.139,audio_features,7HuARvTJOKceFNYVP4uUsN,spotify:track:7HuARvTJOKceFNYVP4uUsN,https://api.spotify.com/v1/tracks/7HuARvTJOKceFNYVP4uUsN,https://api.spotify.com/v1/audio-analysis/7HuARvTJOKceFNYVP4uUsN,255765,3
Debussy : Suite Bergamasque L.75 - III. Clair De Lune ,클래식,5UoNb0eyKatBPI6ComfRr6,https://cdnimg.melon.co.kr/cm/album/images/026/54/859/2654859_500.jpg/melon/resize/120/quality/80/optimize,etc,클래식,0.422,0.035,1,-25.861,1,0.0401,0.987,0.952,0.0818,0.0597,133.621,audio_features,5UoNb0eyKatBPI6ComfRr6,spotify:track:5UoNb0eyKatBPI6ComfRr6,https://api.spotify.com/v1/tracks/5UoNb0eyKatBPI6ComfRr6,https://api.spotify.com/v1/audio-analysis/5UoNb0eyKatBPI6ComfRr6,292128,5
I. Adagio sostenuto,클래식,2nykhNERB6dINzIOZgAZAo,photo/logo.png,etc,클래식,0.352,0.0315,1,-29.363,0,0.0457,0.985,0.891,0.141,0.106,70.29,audio_features,2nykhNERB6dINzIOZgAZAo,spotify:track:2nykhNERB6dINzIOZgAZAo,https://api.spotify.com/v1/tracks/2nykhNERB6dINzIOZgAZAo,https://api.spotify.com/v1/audio-analysis/2nykhNERB6dINzIOZgAZAo,358032,1
Satie : Gymnopedie No.2 - Lent Et Triste ,클래식,1DUnaOr1KfvqP1rdtn9vNo,https://cdnimg.melon.co.kr/cm/album/images/026/38/190/2638190_500.jpg/melon/resize/120/quality/80/optimize,etc,클래식,0.459,0.00876,5,-25.717,1,0.0494,0.98,0.93,0.115,0.346,94.739,audio_features,1DUnaOr1KfvqP1rdtn9vNo,spotify:track:1DUnaOr1KfvqP1rdtn9vNo,https://api.spotify.com/v1/tracks/1DUnaOr1KfvqP1rdtn9vNo,https://api.spotify.com/v1/audio-analysis/1DUnaOr1KfvqP1rdtn9vNo,130261,3
Chopin : Nocturne No.5 In F Sharp Major Op.15-2 ,클래식,0hDLorw4GERJfw2vP3bKOo,https://cdnimg.melon.co.kr/cm/album/images/026/38/190/2638190_500.jpg/melon/resize/120/quality/80/optimize,etc,클래식,0.225,0.0803,6,-24.014,1,0.035,0.978,0.912,0.555,0.0961,84.4,audio_features,0hDLorw4GERJfw2vP3bKOo,spotify:track:0hDLorw4GERJfw2vP3bKOo,https://api.spotify.com/v1/tracks/0hDLorw4GERJfw2vP3bKOo,https://api.spotify.com/v1/audio-analysis/0hDLorw4GERJfw2vP3bKOo,209351,4
Mendelssohn : Auf Flugeln Des Gesanges Op.34-2 ,클래식,6JX9Zaq0RrOD1tepJljcux,https://cdnimg.melon.co.kr/cm/album/images/023/37/327/2337327_500.jpg/melon/resize/120/quality/80/optimize,etc,클래식,0.384,0.245,8,-19.429,1,0.0561,0.971,0.973,0.107,0.531,147.437,audio_features,6JX9Zaq0RrOD1tepJljcux,spotify:track:6JX9Zaq0RrOD1tepJljcux,https://api.spotify.com/v1/tracks/6JX9Zaq0RrOD1tepJljcux,https://api.spotify.com/v1/audio-analysis/6JX9Zaq0RrOD1tepJljcux,185417,3
Mozart : Piano Sonata No.16 In C Major K.545 - I. Allegro ,클래식,6XIkkDZLpW2GyRNeJ4JF3A,https://cdnimg.melon.co.kr/cm/album/images/023/37/327/2337327_500.jpg/melon/resize/120/quality/80/optimize,etc,클래식,0.479,0.172,0,-19.776,1,0.04,0.99,0.935,0.144,0.641,130.211,audio_features,6XIkkDZLpW2GyRNeJ4JF3A,spotify:track:6XIkkDZLpW2GyRNeJ4JF3A,https://api.spotify.com/v1/tracks/6XIkkDZLpW2GyRNeJ4JF3A,https://api.spotify.com/v1/audio-analysis/6XIkkDZLpW2GyRNeJ4JF3A,272066,4
Beethoven : Bagatelle In A Minor WoO.59 'Fur Elise' ,클래식,6uy8OWDw6i9LV09c44JVne,https://cdnimg.melon.co.kr/cm/album/images/026/54/859/2654859_500.jpg/melon/resize/120/quality/80/optimize,etc,클래식,0.276,0.0911,9,-24.745,0,0.0401,0.938,0.924,0.0891,0.179,129.099,audio_features,6uy8OWDw6i9LV09c44JVne,spotify:track:6uy8OWDw6i9LV09c44JVne,https://api.spotify.com/v1/tracks/6uy8OWDw6i9LV09c44JVne,https://api.spotify.com/v1/audio-analysis/6uy8OWDw6i9LV09c44JVne,186144,3
섬집아기,클래식,3sLAS30MqZhbmroibKoKDy,photo/logo.png,etc,클래식,0.641,0.0459,5,-27.983,1,0.0688,0.985,0.952,0.112,0.481,79.996,audio_features,3sLAS30MqZhbmroibKoKDy,spotify:track:3sLAS30MqZhbmroibKoKDy,https://api.spotify.com/v1/tracks/3sLAS30MqZhbmroibKoKDy,https://api.spotify.com/v1/audio-analysis/3sLAS30MqZhbmroibKoKDy,155037,3
Pachelbel : Canon In D Major ,클래식,0kV9KjpYZHJW76ZjnintMe,https://cdnimg.melon.co.kr/cm/album/images/022/54/317/2254317_500.jpg/melon/resize/120/quality/80/optimize,etc,클래식,0.751,0.0652,2,-21.66,1,0.0741,0.991,0.927,0.0887,0.255,119.985,audio_features,0kV9KjpYZHJW76ZjnintMe,spotify:track:0kV9KjpYZHJW76ZjnintMe,https://api.spotify.com/v1/tracks/0kV9KjpYZHJW76ZjnintMe,https://api.spotify.com/v1/audio-analysis/0kV9KjpYZHJW76ZjnintMe,251690,4
Beethoven : Bagatelle In A Minor WoO.59 'Fur Elise' ,클래식,6uy8OWDw6i9LV09c44JVne,https://cdnimg.melon.co.kr/cm/album/images/026/54/859/2654859_500.jpg/melon/resize/120/quality/80/optimize,etc,클래식,0.276,0.0911,9,-24.745,0,0.0401,0.938,0.924,0.0891,0.179,129.099,audio_features,6uy8OWDw6i9LV09c44JVne,spotify:track:6uy8OWDw6i9LV09c44JVne,https://api.spotify.com/v1/tracks/6uy8OWDw6i9LV09c44JVne,https://api.spotify.com/v1/audio-analysis/6uy8OWDw6i9LV09c44JVne,186144,3
Tchaikovsky : The Seasons Op.37b - IV. April 'Snowdrop' ,클래식,0vuQgUcr37XXHrhYUgGNlH,https://cdnimg.melon.co.kr/cm/album/images/026/48/755/2648755_500.jpg/melon/resize/120/quality/80/optimize,etc,클래식,0.39,0.209,10,-21.365,1,0.0465,0.995,0.953,0.118,0.182,178.068,audio_features,0vuQgUcr37XXHrhYUgGNlH,spotify:track:0vuQgUcr37XXHrhYUgGNlH,https://api.spotify.com/v1/tracks/0vuQgUcr37XXHrhYUgGNlH,https://api.spotify.com/v1/audio-analysis/0vuQgUcr37XXHrhYUgGNlH,177723,3
Chopin : Ballade No.2 In F Major Op.38 ,클래식,54uzHGkB0kDpe6ehJZzWAd,https://cdnimg.melon.co.kr/cm/album/images/023/37/327/2337327_500.jpg/melon/resize/120/quality/80/optimize,etc,클래식,0.364,0.143,5,-22.167,1,0.0332,0.955,0.931,0.0756,0.0669,125.038,audio_features,54uzHGkB0kDpe6ehJZzWAd,spotify:track:54uzHGkB0kDpe6ehJZzWAd,https://api.spotify.com/v1/tracks/54uzHGkB0kDpe6ehJZzWAd,https://api.spotify.com/v1/audio-analysis/54uzHGkB0kDpe6ehJZzWAd,389813,4
Liszt : Nocturne No.3 In A Flat Major Op.62-1 S.541 'Libestraume' ,클래식,7D0AkC0kR7BYrk07xozDDd,https://cdnimg.melon.co.kr/cm/album/images/022/31/691/2231691_500.jpg/melon/resize/120/quality/80/optimize,etc,클래식,0.325,0.0878,8,-21.596,1,0.0435,0.989,0.906,0.12,0.0373,68.278,audio_features,7D0AkC0kR7BYrk07xozDDd,spotify:track:7D0AkC0kR7BYrk07xozDDd,https://api.spotify.com/v1/tracks/7D0AkC0kR7BYrk07xozDDd,https://api.spotify.com/v1/audio-analysis/7D0AkC0kR7BYrk07xozDDd,293367,3
Elgar : Salut D'amour In E Major Op.12 ,클래식,2xva2p8QNkY67m4TgtxUef,https://cdnimg.melon.co.kr/cm/album/images/023/37/327/2337327_500.jpg/melon/resize/120/quality/80/optimize,etc,클래식,0.47,0.129,2,-24.637,1,0.033,0.98,0.864,0.708,0.268,82.352,audio_features,2xva2p8QNkY67m4TgtxUef,spotify:track:2xva2p8QNkY67m4TgtxUef,https://api.spotify.com/v1/tracks/2xva2p8QNkY67m4TgtxUef,https://api.spotify.com/v1/audio-analysis/2xva2p8QNkY67m4TgtxUef,163585,4
"Chopin: 24 Préludes, Op.28 - 15. In D-Flat Major ",클래식,4334XiNzwzmi12lwqgtZln,photo/logo.png,etc,클래식,0.547,0.149,1,-22.685,1,0.0535,0.984,0.958,0.1,0.265,76.024,audio_features,4334XiNzwzmi12lwqgtZln,spotify:track:4334XiNzwzmi12lwqgtZln,https://api.spotify.com/v1/tracks/4334XiNzwzmi12lwqgtZln,https://api.spotify.com/v1/audio-analysis/4334XiNzwzmi12lwqgtZln,285858,4
Mozart : Piano Sonata No.16 In C Major K.545 - II. Andante ,클래식,3BrVH3EyptMQZSGMZHD8YP,photo/logo.png,etc,클래식,0.417,0.061,7,-26.028,1,0.0437,0.993,0.908,0.109,0.342,124.336,audio_features,3BrVH3EyptMQZSGMZHD8YP,spotify:track:3BrVH3EyptMQZSGMZHD8YP,https://api.spotify.com/v1/tracks/3BrVH3EyptMQZSGMZHD8YP,https://api.spotify.com/v1/audio-analysis/3BrVH3EyptMQZSGMZHD8YP,239477,3
Schumann : Kinderszenen Op.15 - VII. Traumerei ,클래식,3udOcEqTM4d243qb4oWsMd,https://cdnimg.melon.co.kr/cm/album/images/026/38/190/2638190_500.jpg/melon/resize/120/quality/80/optimize,etc,클래식,0.423,0.0268,5,-24.759,1,0.0623,0.995,0.933,0.0837,0.469,70.91,audio_features,3udOcEqTM4d243qb4oWsMd,spotify:track:3udOcEqTM4d243qb4oWsMd,https://api.spotify.com/v1/tracks/3udOcEqTM4d243qb4oWsMd,https://api.spotify.com/v1/audio-analysis/3udOcEqTM4d243qb4oWsMd,149084,5
Debussy : Suite Bergamasque L.75 - III. Clair De Lune ,클래식,5UoNb0eyKatBPI6ComfRr6,https://cdnimg.melon.co.kr/cm/album/images/026/54/859/2654859_500.jpg/melon/resize/120/quality/80/optimize,etc,클래식,0.422,0.035,1,-25.861,1,0.0401,0.987,0.952,0.0818,0.0597,133.621,audio_features,5UoNb0eyKatBPI6ComfRr6,spotify:track:5UoNb0eyKatBPI6ComfRr6,https://api.spotify.com/v1/tracks/5UoNb0eyKatBPI6ComfRr6,https://api.spotify.com/v1/audio-analysis/5UoNb0eyKatBPI6ComfRr6,292128,5
Lange : Blumenlied Op.39 ,클래식,4PKpjT60spb6VtaixJB8ON,https://cdnimg.melon.co.kr/cm/album/images/022/37/569/2237569_500.jpg/melon/resize/120/quality/80/optimize,etc,클래식,0.368,0.108,5,-18.493,1,0.0413,0.991,0.87,0.116,0.0697,97.648,audio_features,4PKpjT60spb6VtaixJB8ON,spotify:track:4PKpjT60spb6VtaixJB8ON,https://api.spotify.com/v1/tracks/4PKpjT60spb6VtaixJB8ON,https://api.spotify.com/v1/audio-analysis/4PKpjT60spb6VtaixJB8ON,225273,3
"Chopin: 24 Préludes, Op.28 - 13. In F Sharp Major ",클래식,4MhpRfwc1g61hyj7cR3mib,photo/logo.png,etc,클래식,0.317,0.0349,6,-26.121,1,0.0586,0.989,0.957,0.102,0.429,184.055,audio_features,4MhpRfwc1g61hyj7cR3mib,spotify:track:4MhpRfwc1g61hyj7cR3mib,https://api.spotify.com/v1/tracks/4MhpRfwc1g61hyj7cR3mib,https://api.spotify.com/v1/audio-analysis/4MhpRfwc1g61hyj7cR3mib,223112,4
"Brahms: Intermezzo In A Major, Op.118, No.2",클래식,5dWSFsYtznkQ6kZtI4p6nN,photo/logo.png,etc,클래식,0.404,0.0712,6,-19.105,0,0.0587,0.995,0.942,0.0996,0.0966,163.648,audio_features,5dWSFsYtznkQ6kZtI4p6nN,spotify:track:5dWSFsYtznkQ6kZtI4p6nN,https://api.spotify.com/v1/tracks/5dWSFsYtznkQ6kZtI4p6nN,https://api.spotify.com/v1/audio-analysis/5dWSFsYtznkQ6kZtI4p6nN,347624,4
드뷔시 - 아라베스크 1번 마장조,클래식,2aHj9172Y11LoWyGaxfxEw,photo/logo.png,etc,클래식,0.365,0.0812,6,-26.354,0,0.0414,0.982,0.944,0.0856,0.274,105.045,audio_features,2aHj9172Y11LoWyGaxfxEw,spotify:track:2aHj9172Y11LoWyGaxfxEw,https://api.spotify.com/v1/tracks/2aHj9172Y11LoWyGaxfxEw,https://api.spotify.com/v1/audio-analysis/2aHj9172Y11LoWyGaxfxEw,200594,4
La Campanella,클래식,1ypiGt6wLpiT6GhuavMYTe,photo/logo.png,etc,클래식,0.7,0.336,11,-15.715,0,0.0375,0.987,0.933,0.125,0.591,114.839,audio_features,1ypiGt6wLpiT6GhuavMYTe,spotify:track:1ypiGt6wLpiT6GhuavMYTe,https://api.spotify.com/v1/tracks/1ypiGt6wLpiT6GhuavMYTe,https://api.spotify.com/v1/audio-analysis/1ypiGt6wLpiT6GhuavMYTe,117682,3
"Chopin: 24 Préludes, Op.28 - 1. In C Major ",클래식,5ODUgYKYQpzUNjcdgaENdA,photo/logo.png,etc,클래식,0.263,0.212,2,-19.831,0,0.0505,0.979,0.96,0.107,0.0313,165.561,audio_features,5ODUgYKYQpzUNjcdgaENdA,spotify:track:5ODUgYKYQpzUNjcdgaENdA,https://api.spotify.com/v1/tracks/5ODUgYKYQpzUNjcdgaENdA,https://api.spotify.com/v1/audio-analysis/5ODUgYKYQpzUNjcdgaENdA,41509,3
"Chopin: Piano Sonata No.2 In B Flat Minor, Op.35 - 2. Scherzo - Più lento - Tempo I ",클래식,4pUCJUkqO6DLRR2kqTB2Az,photo/logo.png,etc,클래식,0.634,0.321,6,-19.941,1,0.0391,0.988,0.952,0.104,0.323,109.988,audio_features,4pUCJUkqO6DLRR2kqTB2Az,spotify:track:4pUCJUkqO6DLRR2kqTB2Az,https://api.spotify.com/v1/tracks/4pUCJUkqO6DLRR2kqTB2Az,https://api.spotify.com/v1/audio-analysis/4pUCJUkqO6DLRR2kqTB2Az,270054,4
Satie : Gymnopedie No.1 - Lent Et Douloureux ,클래식,3mUQxsY9Nv8xpJdcRqMZUE,https://cdnimg.melon.co.kr/cm/album/images/026/38/190/2638190_500.jpg/melon/resize/120/quality/80/optimize,etc,클래식,0.484,0.00704,7,-29.18,1,0.0596,0.99,0.956,0.103,0.211,97.727,audio_features,3mUQxsY9Nv8xpJdcRqMZUE,spotify:track:3mUQxsY9Nv8xpJdcRqMZUE,https://api.spotify.com/v1/tracks/3mUQxsY9Nv8xpJdcRqMZUE,https://api.spotify.com/v1/audio-analysis/3mUQxsY9Nv8xpJdcRqMZUE,150629,3
"Chopin: 24 Préludes, Op.28 - 4. In E Minor ",클래식,7u4ZEfHjGS9bWU8JuNN1c5,photo/logo.png,etc,클래식,0.742,0.248,9,-15.727,0,0.0876,0.989,0.964,0.156,0.0552,119.981,audio_features,7u4ZEfHjGS9bWU8JuNN1c5,spotify:track:7u4ZEfHjGS9bWU8JuNN1c5,https://api.spotify.com/v1/tracks/7u4ZEfHjGS9bWU8JuNN1c5,https://api.spotify.com/v1/audio-analysis/7u4ZEfHjGS9bWU8JuNN1c5,108069,4
You Raise Me Up ,클래식,6mlwgDCNUTe0WSE1qsLxDF,photo/logo.png,etc,클래식,0.457,0.379,7,-8.732,1,0.0303,0.669,0.00393,0.0941,0.177,123.9,audio_features,6mlwgDCNUTe0WSE1qsLxDF,spotify:track:6mlwgDCNUTe0WSE1qsLxDF,https://api.spotify.com/v1/tracks/6mlwgDCNUTe0WSE1qsLxDF,https://api.spotify.com/v1/audio-analysis/6mlwgDCNUTe0WSE1qsLxDF,199993,4
All Of Me,클래식,1vafCfUbwSJlAREEpHOCZA,photo/logo.png,etc,클래식,0.572,0.0596,2,-20.488,1,0.0532,0.989,0.83,0.0931,0.476,99.892,audio_features,1vafCfUbwSJlAREEpHOCZA,spotify:track:1vafCfUbwSJlAREEpHOCZA,https://api.spotify.com/v1/tracks/1vafCfUbwSJlAREEpHOCZA,https://api.spotify.com/v1/audio-analysis/1vafCfUbwSJlAREEpHOCZA,194000,4
"Chopin: 24 Préludes, Op.28 - 7. In A Major ",클래식,0FXrjrkfDvgfGLdk6sHLMY,photo/logo.png,etc,클래식,0.772,0.0412,9,-28.367,1,0.287,0.995,0.973,0.0956,0.0,75.021,audio_features,0FXrjrkfDvgfGLdk6sHLMY,spotify:track:0FXrjrkfDvgfGLdk6sHLMY,https://api.spotify.com/v1/tracks/0FXrjrkfDvgfGLdk6sHLMY,https://api.spotify.com/v1/audio-analysis/0FXrjrkfDvgfGLdk6sHLMY,43259,3
달빛 ,클래식,3SMRFbiljCHeWxrUm2YTpz,photo/logo.png,etc,클래식,0.649,0.067,1,-26.831,1,0.0474,0.991,0.928,0.0994,0.0673,130.011,audio_features,3SMRFbiljCHeWxrUm2YTpz,spotify:track:3SMRFbiljCHeWxrUm2YTpz,https://api.spotify.com/v1/tracks/3SMRFbiljCHeWxrUm2YTpz,https://api.spotify.com/v1/audio-analysis/3SMRFbiljCHeWxrUm2YTpz,303177,3
Odyssey Music,클래식,3SNqzhumr2OBuideFHxTTo,photo/logo.png,etc,클래식,0.631,0.0697,3,-22.121,0,0.0388,0.863,0.261,0.0924,0.0858,76.828,audio_features,3SNqzhumr2OBuideFHxTTo,spotify:track:3SNqzhumr2OBuideFHxTTo,https://api.spotify.com/v1/tracks/3SNqzhumr2OBuideFHxTTo,https://api.spotify.com/v1/audio-analysis/3SNqzhumr2OBuideFHxTTo,128225,4
Flourish,클래식,4Es6M1tZ010BlBAsWJ1Vdq,photo/logo.png,etc,클래식,0.634,0.00395,1,-27.446,0,0.106,0.987,0.97,0.144,0.206,73.966,audio_features,4Es6M1tZ010BlBAsWJ1Vdq,spotify:track:4Es6M1tZ010BlBAsWJ1Vdq,https://api.spotify.com/v1/tracks/4Es6M1tZ010BlBAsWJ1Vdq,https://api.spotify.com/v1/audio-analysis/4Es6M1tZ010BlBAsWJ1Vdq,314610,4
Reflections ,클래식,0J9MZI6wRye9D8Q99RAAND,photo/logo.png,etc,클래식,0.209,0.0295,1,-28.394,1,0.0369,0.983,0.968,0.12,0.119,88.976,audio_features,0J9MZI6wRye9D8Q99RAAND,spotify:track:0J9MZI6wRye9D8Q99RAAND,https://api.spotify.com/v1/tracks/0J9MZI6wRye9D8Q99RAAND,https://api.spotify.com/v1/audio-analysis/0J9MZI6wRye9D8Q99RAAND,170357,5
Memories,클래식,7ITgZUk21qqgSgu2ROOIFh,photo/logo.png,etc,클래식,0.154,0.0777,2,-35.806,0,0.0366,0.986,0.927,0.0947,0.545,114.484,audio_features,7ITgZUk21qqgSgu2ROOIFh,spotify:track:7ITgZUk21qqgSgu2ROOIFh,https://api.spotify.com/v1/tracks/7ITgZUk21qqgSgu2ROOIFh,https://api.spotify.com/v1/audio-analysis/7ITgZUk21qqgSgu2ROOIFh,105000,4
Beautiful Dreamer ,클래식,5PDiSygcHVwrkO50fzHbOi,photo/logo.png,etc,클래식,0.678,0.0385,2,-25.986,1,0.192,0.995,0.96,0.104,0.546,74.998,audio_features,5PDiSygcHVwrkO50fzHbOi,spotify:track:5PDiSygcHVwrkO50fzHbOi,https://api.spotify.com/v1/tracks/5PDiSygcHVwrkO50fzHbOi,https://api.spotify.com/v1/audio-analysis/5PDiSygcHVwrkO50fzHbOi,135132,4
Prelude and Fugue,클래식,2qDrochxqxrFoP7NrqYlUE,photo/logo.png,etc,클래식,0.322,0.0751,3,-21.848,0,0.0553,0.99,0.935,0.0898,0.172,135.147,audio_features,2qDrochxqxrFoP7NrqYlUE,spotify:track:2qDrochxqxrFoP7NrqYlUE,https://api.spotify.com/v1/tracks/2qDrochxqxrFoP7NrqYlUE,https://api.spotify.com/v1/audio-analysis/2qDrochxqxrFoP7NrqYlUE,221000,4
Symphony No. 2,클래식,3vtvpZ7GS0IBVMofYJJouA,photo/logo.png,etc,클래식,0.437,0.358,5,-8.79,1,0.0267,0.833,0.00108,0.134,0.041,83.031,audio_features,3vtvpZ7GS0IBVMofYJJouA,spotify:track:3vtvpZ7GS0IBVMofYJJouA,https://api.spotify.com/v1/tracks/3vtvpZ7GS0IBVMofYJJouA,https://api.spotify.com/v1/audio-analysis/3vtvpZ7GS0IBVMofYJJouA,278733,4
String Quartet ,클래식,0ZdCxEkqaN7phpFaFOVQgd,photo/logo.png,etc,클래식,0.362,0.0236,3,-32.247,1,0.0632,0.99,0.901,0.138,0.223,77.808,audio_features,0ZdCxEkqaN7phpFaFOVQgd,spotify:track:0ZdCxEkqaN7phpFaFOVQgd,https://api.spotify.com/v1/tracks/0ZdCxEkqaN7phpFaFOVQgd,https://api.spotify.com/v1/audio-analysis/0ZdCxEkqaN7phpFaFOVQgd,361412,3
Waltz For A.,클래식,4J0TiSHOGa8NBwignMm5BL,photo/logo.png,etc,클래식,0.586,0.191,0,-15.129,0,0.0504,0.99,0.89,0.124,0.702,101.125,audio_features,4J0TiSHOGa8NBwignMm5BL,spotify:track:4J0TiSHOGa8NBwignMm5BL,https://api.spotify.com/v1/tracks/4J0TiSHOGa8NBwignMm5BL,https://api.spotify.com/v1/audio-analysis/4J0TiSHOGa8NBwignMm5BL,83035,4
Moments musicaux,클래식,0WFA5Wu5Midr2C1lBxkGAi,photo/logo.png,etc,클래식,0.656,0.273,10,-18.035,0,0.135,0.979,0.86,0.107,0.916,106.879,audio_features,0WFA5Wu5Midr2C1lBxkGAi,spotify:track:0WFA5Wu5Midr2C1lBxkGAi,https://api.spotify.com/v1/tracks/0WFA5Wu5Midr2C1lBxkGAi,https://api.spotify.com/v1/audio-analysis/0WFA5Wu5Midr2C1lBxkGAi,93000,4
엄마야 누나야,클래식,5GbZSNbCYISKdvvmO6RQwD,photo/logo.png,etc,클래식,0.617,0.216,9,-20.964,0,0.0573,0.991,0.899,0.144,0.785,74.975,audio_features,5GbZSNbCYISKdvvmO6RQwD,spotify:track:5GbZSNbCYISKdvvmO6RQwD,https://api.spotify.com/v1/tracks/5GbZSNbCYISKdvvmO6RQwD,https://api.spotify.com/v1/audio-analysis/5GbZSNbCYISKdvvmO6RQwD,85708,3
등대지기,클래식,7hBODOFmr7x66CbB3Ux3K6,photo/logo.png,etc,클래식,0.725,0.0996,5,-25.628,1,0.0644,0.988,0.959,0.108,0.572,98.946,audio_features,7hBODOFmr7x66CbB3Ux3K6,spotify:track:7hBODOFmr7x66CbB3Ux3K6,https://api.spotify.com/v1/tracks/7hBODOFmr7x66CbB3Ux3K6,https://api.spotify.com/v1/audio-analysis/7hBODOFmr7x66CbB3Ux3K6,124526,3
"Barcarolle No. 5 in F-Sharp Major, Op. 66",클래식,7kJw5hZyj23V96Dt3LVbRK,photo/logo.png,etc,클래식,0.339,0.133,6,-16.501,1,0.0342,0.988,0.925,0.0983,0.0497,105.857,audio_features,7kJw5hZyj23V96Dt3LVbRK,spotify:track:7kJw5hZyj23V96Dt3LVbRK,https://api.spotify.com/v1/tracks/7kJw5hZyj23V96Dt3LVbRK,https://api.spotify.com/v1/audio-analysis/7kJw5hZyj23V96Dt3LVbRK,369136,5
Piano Trio Op. 100: II. Andante con moto ,클래식,0n1MXuyN617tRKGxrdVQX4,photo/logo.png,etc,클래식,0.457,0.0701,10,-22.199,1,0.0625,0.99,0.919,0.142,0.237,103.784,audio_features,0n1MXuyN617tRKGxrdVQX4,spotify:track:0n1MXuyN617tRKGxrdVQX4,https://api.spotify.com/v1/tracks/0n1MXuyN617tRKGxrdVQX4,https://api.spotify.com/v1/audio-analysis/0n1MXuyN617tRKGxrdVQX4,268000,4
Floating,클래식,4qqChVdSmminucRtrCyEbo,photo/logo.png,etc,클래식,0.679,0.00325,6,-31.46,1,0.0549,0.996,0.911,0.112,0.266,116.004,audio_features,4qqChVdSmminucRtrCyEbo,spotify:track:4qqChVdSmminucRtrCyEbo,https://api.spotify.com/v1/tracks/4qqChVdSmminucRtrCyEbo,https://api.spotify.com/v1/audio-analysis/4qqChVdSmminucRtrCyEbo,132702,4
Clair de Lune ,클래식,46aI9AcVX4796l1RSHc9aD,https://cdnimg.melon.co.kr/cm/album/images/026/54/859/2654859_500.jpg/melon/resize/120/quality/80/optimize,etc,클래식,0.455,0.0371,1,-21.64,1,0.0456,0.993,0.94,0.111,0.052,68.04,audio_features,46aI9AcVX4796l1RSHc9aD,spotify:track:46aI9AcVX4796l1RSHc9aD,https://api.spotify.com/v1/tracks/46aI9AcVX4796l1RSHc9aD,https://api.spotify.com/v1/audio-analysis/46aI9AcVX4796l1RSHc9aD,175655,5
Libertango,클래식,3zkFod0Wcharfnz9Aj9aV0,photo/logo.png,etc,클래식,0.694,0.38,4,-9.519,0,0.0332,0.317,0.396,0.174,0.791,157.998,audio_features,3zkFod0Wcharfnz9Aj9aV0,spotify:track:3zkFod0Wcharfnz9Aj9aV0,https://api.spotify.com/v1/tracks/3zkFod0Wcharfnz9Aj9aV0,https://api.spotify.com/v1/audio-analysis/3zkFod0Wcharfnz9Aj9aV0,131413,4
Mozart : Piano Sonata No.11 In A Major K.331 - I. Andante Grazioso ,클래식,6N1BwZDKwjhNrusYvgyQYk,photo/logo.png,etc,클래식,0.395,0.0702,9,-26.132,1,0.0535,0.992,0.913,0.131,0.321,85.614,audio_features,6N1BwZDKwjhNrusYvgyQYk,spotify:track:6N1BwZDKwjhNrusYvgyQYk,https://api.spotify.com/v1/tracks/6N1BwZDKwjhNrusYvgyQYk,https://api.spotify.com/v1/audio-analysis/6N1BwZDKwjhNrusYvgyQYk,436608,4
"Clarinet Concerto in A Major, K.622 ",클래식,5T1dkr9dLxs9YYSf5GP4YW,photo/logo.png,etc,클래식,0.464,0.275,9,-18.309,1,0.119,0.83,4.7e-06,0.094,0.486,171.692,audio_features,5T1dkr9dLxs9YYSf5GP4YW,spotify:track:5T1dkr9dLxs9YYSf5GP4YW,https://api.spotify.com/v1/tracks/5T1dkr9dLxs9YYSf5GP4YW,https://api.spotify.com/v1/audio-analysis/5T1dkr9dLxs9YYSf5GP4YW,156000,4
EM Waltz,클래식,1VDsxjjVI2ZUPE2nhuGb55,photo/logo.png,etc,클래식,0.22,0.0398,0,-20.26,1,0.0353,0.957,0.647,0.0783,0.0896,174.089,audio_features,1VDsxjjVI2ZUPE2nhuGb55,spotify:track:1VDsxjjVI2ZUPE2nhuGb55,https://api.spotify.com/v1/tracks/1VDsxjjVI2ZUPE2nhuGb55,https://api.spotify.com/v1/audio-analysis/1VDsxjjVI2ZUPE2nhuGb55,726192,3
Borodin : Petite Suite - Intermezzo ,클래식,3SiLQNU0yhVWGLvuvorNr4,photo/logo.png,etc,클래식,0.586,0.157,5,-23.337,1,0.0507,0.978,0.95,0.108,0.357,119.972,audio_features,3SiLQNU0yhVWGLvuvorNr4,spotify:track:3SiLQNU0yhVWGLvuvorNr4,https://api.spotify.com/v1/tracks/3SiLQNU0yhVWGLvuvorNr4,https://api.spotify.com/v1/audio-analysis/3SiLQNU0yhVWGLvuvorNr4,177058,3
Å ,클래식,3iO0Cb4htAJMGxYaAGfRxO,https://cdnimg.melon.co.kr/cm/album/images/023/37/327/2337327_500.jpg/melon/resize/120/quality/80/optimize,etc,클래식,0.432,0.0427,3,-24.758,1,0.066,0.994,0.839,0.128,0.181,98.546,audio_features,3iO0Cb4htAJMGxYaAGfRxO,spotify:track:3iO0Cb4htAJMGxYaAGfRxO,https://api.spotify.com/v1/tracks/3iO0Cb4htAJMGxYaAGfRxO,https://api.spotify.com/v1/audio-analysis/3iO0Cb4htAJMGxYaAGfRxO,77000,3
Ode to Joy,클래식,3VJZ4FunKcv8IZABhgYgns,photo/logo.png,etc,클래식,0.528,0.0447,0,-23.88,1,0.111,0.996,0.934,0.123,0.411,79.912,audio_features,3VJZ4FunKcv8IZABhgYgns,spotify:track:3VJZ4FunKcv8IZABhgYgns,https://api.spotify.com/v1/tracks/3VJZ4FunKcv8IZABhgYgns,https://api.spotify.com/v1/audio-analysis/3VJZ4FunKcv8IZABhgYgns,84000,4
Leo,클래식,5lkZDNHfeNjsbxCXnDgnkB,photo/logo.png,etc,클래식,0.542,0.0674,0,-21.513,1,0.0407,0.988,0.947,0.0637,0.323,119.134,audio_features,5lkZDNHfeNjsbxCXnDgnkB,spotify:track:5lkZDNHfeNjsbxCXnDgnkB,https://api.spotify.com/v1/tracks/5lkZDNHfeNjsbxCXnDgnkB,https://api.spotify.com/v1/audio-analysis/5lkZDNHfeNjsbxCXnDgnkB,213000,4
Moments musicaux,클래식,0WFA5Wu5Midr2C1lBxkGAi,photo/logo.png,etc,클래식,0.656,0.273,10,-18.035,0,0.135,0.979,0.86,0.107,0.916,106.879,audio_features,0WFA5Wu5Midr2C1lBxkGAi,spotify:track:0WFA5Wu5Midr2C1lBxkGAi,https://api.spotify.com/v1/tracks/0WFA5Wu5Midr2C1lBxkGAi,https://api.spotify.com/v1/audio-analysis/0WFA5Wu5Midr2C1lBxkGAi,93000,4
The Secret,클래식,31T7zwNs2d2tGHHgguHrNr,photo/logo.png,etc,클래식,0.119,0.145,10,-29.594,1,0.0535,0.988,0.891,0.0985,0.273,82.839,audio_features,31T7zwNs2d2tGHHgguHrNr,spotify:track:31T7zwNs2d2tGHHgguHrNr,https://api.spotify.com/v1/tracks/31T7zwNs2d2tGHHgguHrNr,https://api.spotify.com/v1/audio-analysis/31T7zwNs2d2tGHHgguHrNr,227143,4
Sonata for Violin and Piano,클래식,6QKEiP9YDa9Qou8MA91sNS,photo/logo.png,etc,클래식,0.314,0.25,5,-21.827,1,0.0377,0.855,0.9,0.488,0.149,120.581,audio_features,6QKEiP9YDa9Qou8MA91sNS,spotify:track:6QKEiP9YDa9Qou8MA91sNS,https://api.spotify.com/v1/tracks/6QKEiP9YDa9Qou8MA91sNS,https://api.spotify.com/v1/audio-analysis/6QKEiP9YDa9Qou8MA91sNS,358000,4
"Piano Sonata No. 16 in C Major, K. 545 “Sonata facile”: I. Allegro",클래식,4zKKvaTaurUu8lLxX99mVe,photo/logo.png,etc,클래식,0.513,0.212,0,-17.79,1,0.0399,0.985,0.941,0.153,0.455,124.951,audio_features,4zKKvaTaurUu8lLxX99mVe,spotify:track:4zKKvaTaurUu8lLxX99mVe,https://api.spotify.com/v1/tracks/4zKKvaTaurUu8lLxX99mVe,https://api.spotify.com/v1/audio-analysis/4zKKvaTaurUu8lLxX99mVe,282175,4
Take Heart,클래식,7bWjX7xjUZgaaFXK1fJLWE,photo/logo.png,etc,클래식,0.415,0.399,2,-11.084,1,0.0291,0.293,7.54e-05,0.123,0.141,133.864,audio_features,7bWjX7xjUZgaaFXK1fJLWE,spotify:track:7bWjX7xjUZgaaFXK1fJLWE,https://api.spotify.com/v1/tracks/7bWjX7xjUZgaaFXK1fJLWE,https://api.spotify.com/v1/audio-analysis/7bWjX7xjUZgaaFXK1fJLWE,308689,4
"Variations on a Theme of Corelli, Op. 42: Var. 14. Andante",클래식,1LOwbRWQt3dbN7Ek0OvbwF,photo/logo.png,etc,클래식,0.533,0.01,1,-34.592,1,0.117,0.996,0.929,0.111,0.188,60.813,audio_features,1LOwbRWQt3dbN7Ek0OvbwF,spotify:track:1LOwbRWQt3dbN7Ek0OvbwF,https://api.spotify.com/v1/tracks/1LOwbRWQt3dbN7Ek0OvbwF,https://api.spotify.com/v1/audio-analysis/1LOwbRWQt3dbN7Ek0OvbwF,65530,3
Farewell,클래식,7K9ApyzpWFUxkyjiAFbYQU,photo/logo.png,etc,클래식,0.356,0.195,2,-23.711,0,0.0575,0.991,0.938,0.0882,0.418,175.943,audio_features,7K9ApyzpWFUxkyjiAFbYQU,spotify:track:7K9ApyzpWFUxkyjiAFbYQU,https://api.spotify.com/v1/tracks/7K9ApyzpWFUxkyjiAFbYQU,https://api.spotify.com/v1/audio-analysis/7K9ApyzpWFUxkyjiAFbYQU,65520,3
"Nocturne B-Flat Minor, Op. 9 No 1",클래식,55xkEuPEkJ3AuPqG9MWErx,photo/logo.png,etc,클래식,0.238,0.118,10,-19.822,0,0.0412,0.985,0.901,0.0977,0.0395,74.066,audio_features,55xkEuPEkJ3AuPqG9MWErx,spotify:track:55xkEuPEkJ3AuPqG9MWErx,https://api.spotify.com/v1/tracks/55xkEuPEkJ3AuPqG9MWErx,https://api.spotify.com/v1/audio-analysis/55xkEuPEkJ3AuPqG9MWErx,265021,4
Confidence,클래식,29LXpHw8gEPnBkTbEVGQWI,photo/logo.png,etc,클래식,0.626,0.196,9,-20.626,1,0.114,0.978,0.909,0.147,0.77,98.013,audio_features,29LXpHw8gEPnBkTbEVGQWI,spotify:track:29LXpHw8gEPnBkTbEVGQWI,https://api.spotify.com/v1/tracks/29LXpHw8gEPnBkTbEVGQWI,https://api.spotify.com/v1/audio-analysis/29LXpHw8gEPnBkTbEVGQWI,144190,4
Reflections,클래식,0J9MZI6wRye9D8Q99RAAND,photo/logo.png,etc,클래식,0.209,0.0295,1,-28.394,1,0.0369,0.983,0.968,0.12,0.119,88.976,audio_features,0J9MZI6wRye9D8Q99RAAND,spotify:track:0J9MZI6wRye9D8Q99RAAND,https://api.spotify.com/v1/tracks/0J9MZI6wRye9D8Q99RAAND,https://api.spotify.com/v1/audio-analysis/0J9MZI6wRye9D8Q99RAAND,170357,5
Mozart : Piano Sonata No.12 In F Major K.332 - II. Adagio ,클래식,7kQg2QkpXdXnKy3eszq2nZ,photo/logo.png,etc,클래식,0.633,0.186,5,-17.031,1,0.0464,0.958,0.914,0.102,0.0567,70.004,audio_features,7kQg2QkpXdXnKy3eszq2nZ,spotify:track:7kQg2QkpXdXnKy3eszq2nZ,https://api.spotify.com/v1/tracks/7kQg2QkpXdXnKy3eszq2nZ,https://api.spotify.com/v1/audio-analysis/7kQg2QkpXdXnKy3eszq2nZ,277786,4
"Father, Father ",클래식,1MxO4mtwKMJHQGvm4Rk1eM,photo/logo.png,etc,클래식,0.608,0.21,5,-11.512,1,0.0302,0.828,9.77e-06,0.106,0.227,126.433,audio_features,1MxO4mtwKMJHQGvm4Rk1eM,spotify:track:1MxO4mtwKMJHQGvm4Rk1eM,https://api.spotify.com/v1/tracks/1MxO4mtwKMJHQGvm4Rk1eM,https://api.spotify.com/v1/audio-analysis/1MxO4mtwKMJHQGvm4Rk1eM,204467,4
베토벤: 월광 3악장,클래식,5gpXkHX7Cqw9EKe16hA24F,photo/logo.png,etc,클래식,0.636,0.633,1,-19.726,0,0.0573,0.986,0.968,0.119,0.542,74.89,audio_features,5gpXkHX7Cqw9EKe16hA24F,spotify:track:5gpXkHX7Cqw9EKe16hA24F,https://api.spotify.com/v1/tracks/5gpXkHX7Cqw9EKe16hA24F,https://api.spotify.com/v1/audio-analysis/5gpXkHX7Cqw9EKe16hA24F,351948,4
MAGIC ,클래식,4cQuieIiFrct9mT2Y1Jy76,photo/logo.png,etc,클래식,0.442,0.117,7,-21.056,0,0.0685,0.984,0.836,0.0765,0.301,107.441,audio_features,4cQuieIiFrct9mT2Y1Jy76,spotify:track:4cQuieIiFrct9mT2Y1Jy76,https://api.spotify.com/v1/tracks/4cQuieIiFrct9mT2Y1Jy76,https://api.spotify.com/v1/audio-analysis/4cQuieIiFrct9mT2Y1Jy76,230000,4
Morning Dew,클래식,6gLs5yuuRe1eUX1LgpfC4c,photo/logo.png,etc,클래식,0.403,0.0622,10,-30.907,1,0.046,0.994,0.893,0.113,0.886,113.687,audio_features,6gLs5yuuRe1eUX1LgpfC4c,spotify:track:6gLs5yuuRe1eUX1LgpfC4c,https://api.spotify.com/v1/tracks/6gLs5yuuRe1eUX1LgpfC4c,https://api.spotify.com/v1/audio-analysis/6gLs5yuuRe1eUX1LgpfC4c,96747,4
Jeux d'eau,클래식,1fF8Cu3HPzYL1yomViea7K,photo/logo.png,etc,클래식,0.47,0.216,6,-19.132,0,0.0384,0.979,0.893,0.109,0.0332,126.0,audio_features,1fF8Cu3HPzYL1yomViea7K,spotify:track:1fF8Cu3HPzYL1yomViea7K,https://api.spotify.com/v1/tracks/1fF8Cu3HPzYL1yomViea7K,https://api.spotify.com/v1/audio-analysis/1fF8Cu3HPzYL1yomViea7K,333471,4
Home,클래식,3u1RZ812s8FxipipHhoWrb,photo/logo.png,etc,클래식,0.796,0.767,6,-5.045,0,0.309,0.0709,0.0,0.174,0.441,98.02,audio_features,3u1RZ812s8FxipipHhoWrb,spotify:track:3u1RZ812s8FxipipHhoWrb,https://api.spotify.com/v1/tracks/3u1RZ812s8FxipipHhoWrb,https://api.spotify.com/v1/audio-analysis/3u1RZ812s8FxipipHhoWrb,217156,4
Prelude ,클래식,5uVlZd65DzcFt6F28a4DeF,photo/logo.png,etc,클래식,0.468,0.0476,9,-23.259,0,0.0958,0.995,0.942,0.0873,0.0384,126.984,audio_features,5uVlZd65DzcFt6F28a4DeF,spotify:track:5uVlZd65DzcFt6F28a4DeF,https://api.spotify.com/v1/tracks/5uVlZd65DzcFt6F28a4DeF,https://api.spotify.com/v1/audio-analysis/5uVlZd65DzcFt6F28a4DeF,114000,4
Moments musicaux,클래식,0WFA5Wu5Midr2C1lBxkGAi,photo/logo.png,etc,클래식,0.656,0.273,10,-18.035,0,0.135,0.979,0.86,0.107,0.916,106.879,audio_features,0WFA5Wu5Midr2C1lBxkGAi,spotify:track:0WFA5Wu5Midr2C1lBxkGAi,https://api.spotify.com/v1/tracks/0WFA5Wu5Midr2C1lBxkGAi,https://api.spotify.com/v1/audio-analysis/0WFA5Wu5Midr2C1lBxkGAi,93000,4
Ave Maria ,클래식,3QRFAV35DrYCpgKr6ovmSa,photo/logo.png,etc,클래식,0.264,0.0815,8,-18.914,1,0.0362,0.995,0.835,0.0971,0.0721,68.116,audio_features,3QRFAV35DrYCpgKr6ovmSa,spotify:track:3QRFAV35DrYCpgKr6ovmSa,https://api.spotify.com/v1/tracks/3QRFAV35DrYCpgKr6ovmSa,https://api.spotify.com/v1/audio-analysis/3QRFAV35DrYCpgKr6ovmSa,114844,4
The Forest ,클래식,2DtpkzlmEcCjuKsBSdwAFK,photo/logo.png,etc,클래식,0.488,0.122,0,-17.65,1,0.159,0.993,0.933,0.0942,0.719,157.213,audio_features,2DtpkzlmEcCjuKsBSdwAFK,spotify:track:2DtpkzlmEcCjuKsBSdwAFK,https://api.spotify.com/v1/tracks/2DtpkzlmEcCjuKsBSdwAFK,https://api.spotify.com/v1/audio-analysis/2DtpkzlmEcCjuKsBSdwAFK,59400,4
Love,클래식,3vtvpZ7GS0IBVMofYJJouA,photo/logo.png,etc,클래식,0.437,0.358,5,-8.79,1,0.0267,0.833,0.00108,0.134,0.041,83.031,audio_features,3vtvpZ7GS0IBVMofYJJouA,spotify:track:3vtvpZ7GS0IBVMofYJJouA,https://api.spotify.com/v1/tracks/3vtvpZ7GS0IBVMofYJJouA,https://api.spotify.com/v1/audio-analysis/3vtvpZ7GS0IBVMofYJJouA,278733,4
DESTINO ,클래식,2iD7XwYiuHOnw3sVvD6MGM,photo/logo.png,etc,클래식,0.304,0.0643,9,-16.188,1,0.0459,0.942,0.901,0.0911,0.216,121.316,audio_features,2iD7XwYiuHOnw3sVvD6MGM,spotify:track:2iD7XwYiuHOnw3sVvD6MGM,https://api.spotify.com/v1/tracks/2iD7XwYiuHOnw3sVvD6MGM,https://api.spotify.com/v1/audio-analysis/2iD7XwYiuHOnw3sVvD6MGM,429909,4
4nine,클래식,5cbQFh9SfabshiFmCgqc0n,photo/logo.png,etc,클래식,0.276,0.142,0,-24.608,1,0.0447,0.984,0.919,0.12,0.902,135.014,audio_features,5cbQFh9SfabshiFmCgqc0n,spotify:track:5cbQFh9SfabshiFmCgqc0n,https://api.spotify.com/v1/tracks/5cbQFh9SfabshiFmCgqc0n,https://api.spotify.com/v1/audio-analysis/5cbQFh9SfabshiFmCgqc0n,39866,4
"Albéniz: España, Op. 165: II. Tango ",클래식,5SxAxh7XaeC4VOVuLSP4JX,photo/logo.png,etc,클래식,0.404,0.137,2,-22.507,1,0.0577,0.991,0.955,0.11,0.279,74.999,audio_features,5SxAxh7XaeC4VOVuLSP4JX,spotify:track:5SxAxh7XaeC4VOVuLSP4JX,https://api.spotify.com/v1/tracks/5SxAxh7XaeC4VOVuLSP4JX,https://api.spotify.com/v1/audio-analysis/5SxAxh7XaeC4VOVuLSP4JX,154802,3
Home,클래식,3u1RZ812s8FxipipHhoWrb,photo/logo.png,etc,클래식,0.796,0.767,6,-5.045,0,0.309,0.0709,0.0,0.174,0.441,98.02,audio_features,3u1RZ812s8FxipipHhoWrb,spotify:track:3u1RZ812s8FxipipHhoWrb,https://api.spotify.com/v1/tracks/3u1RZ812s8FxipipHhoWrb,https://api.spotify.com/v1/audio-analysis/3u1RZ812s8FxipipHhoWrb,217156,4
Libertango,클래식,3zkFod0Wcharfnz9Aj9aV0,photo/logo.png,etc,클래식,0.694,0.38,4,-9.519,0,0.0332,0.317,0.396,0.174,0.791,157.998,audio_features,3zkFod0Wcharfnz9Aj9aV0,spotify:track:3zkFod0Wcharfnz9Aj9aV0,https://api.spotify.com/v1/tracks/3zkFod0Wcharfnz9Aj9aV0,https://api.spotify.com/v1/audio-analysis/3zkFod0Wcharfnz9Aj9aV0,131413,4
Purify,클래식,3fjEUXWstWObvKLtKmXkBe,photo/logo.png,etc,클래식,0.429,0.361,10,-10.374,1,0.027,0.737,0.00171,0.169,0.143,97.904,audio_features,3fjEUXWstWObvKLtKmXkBe,spotify:track:3fjEUXWstWObvKLtKmXkBe,https://api.spotify.com/v1/tracks/3fjEUXWstWObvKLtKmXkBe,https://api.spotify.com/v1/audio-analysis/3fjEUXWstWObvKLtKmXkBe,268000,4
birth,클래식,1CORYi6fyBr9xvDTQvDZs6,photo/logo.png,etc,클래식,0.492,0.0272,5,-24.54,1,0.0456,0.99,0.759,0.09,0.398,79.417,audio_features,1CORYi6fyBr9xvDTQvDZs6,spotify:track:1CORYi6fyBr9xvDTQvDZs6,https://api.spotify.com/v1/tracks/1CORYi6fyBr9xvDTQvDZs6,https://api.spotify.com/v1/audio-analysis/1CORYi6fyBr9xvDTQvDZs6,65850,4
Mozart : Piano Concerto No.21 In C Major K.467 `Elvira Madigan` II. Andante ,클래식,4ULNn4BWOoJ90E5Ax7HzZI,photo/logo.png,etc,클래식,0.307,0.0509,5,-25.602,1,0.0419,0.985,0.91,0.101,0.057,68.837,audio_features,4ULNn4BWOoJ90E5Ax7HzZI,spotify:track:4ULNn4BWOoJ90E5Ax7HzZI,https://api.spotify.com/v1/tracks/4ULNn4BWOoJ90E5Ax7HzZI,https://api.spotify.com/v1/audio-analysis/4ULNn4BWOoJ90E5Ax7HzZI,375356,4
Shadow,클래식,3ReC5PhVRyFGW6HdouiLhY,photo/logo.png,etc,클래식,0.697,0.103,8,-13.367,0,0.0359,0.93,4.4e-05,0.104,0.37,109.938,audio_features,3ReC5PhVRyFGW6HdouiLhY,spotify:track:3ReC5PhVRyFGW6HdouiLhY,https://api.spotify.com/v1/tracks/3ReC5PhVRyFGW6HdouiLhY,https://api.spotify.com/v1/audio-analysis/3ReC5PhVRyFGW6HdouiLhY,144413,4
Together,클래식,28vIVAR7BwvD1MZrD3YeDO,photo/logo.png,etc,클래식,0.393,0.064,8,-30.753,1,0.0387,0.983,0.967,0.0977,0.0377,73.537,audio_features,28vIVAR7BwvD1MZrD3YeDO,spotify:track:28vIVAR7BwvD1MZrD3YeDO,https://api.spotify.com/v1/tracks/28vIVAR7BwvD1MZrD3YeDO,https://api.spotify.com/v1/audio-analysis/28vIVAR7BwvD1MZrD3YeDO,112029,4
Consolation No. 1 in E-Flat Major,클래식,6plFfTazcD4ucNmAQuyBgL,photo/logo.png,etc,클래식,0.597,0.102,4,-14.485,1,0.0901,0.976,0.855,0.102,0.814,126.928,audio_features,6plFfTazcD4ucNmAQuyBgL,spotify:track:6plFfTazcD4ucNmAQuyBgL,https://api.spotify.com/v1/tracks/6plFfTazcD4ucNmAQuyBgL,https://api.spotify.com/v1/audio-analysis/6plFfTazcD4ucNmAQuyBgL,105338,4
Debussy : 2 Arabesques No.1 In E Major L.66 ,클래식,0jqNqC217YqoO6hDdwpmfA,photo/logo.png,etc,클래식,0.258,0.0744,6,-27.759,0,0.0316,0.983,0.936,0.445,0.227,98.101,audio_features,0jqNqC217YqoO6hDdwpmfA,spotify:track:0jqNqC217YqoO6hDdwpmfA,https://api.spotify.com/v1/tracks/0jqNqC217YqoO6hDdwpmfA,https://api.spotify.com/v1/audio-analysis/0jqNqC217YqoO6hDdwpmfA,242091,3
Beautiful Dreamer ,클래식,5PDiSygcHVwrkO50fzHbOi,photo/logo.png,etc,클래식,0.678,0.0385,2,-25.986,1,0.192,0.995,0.96,0.104,0.546,74.998,audio_features,5PDiSygcHVwrkO50fzHbOi,spotify:track:5PDiSygcHVwrkO50fzHbOi,https://api.spotify.com/v1/tracks/5PDiSygcHVwrkO50fzHbOi,https://api.spotify.com/v1/audio-analysis/5PDiSygcHVwrkO50fzHbOi,135132,4
Aurora,클래식,2iQgC4MRLXVCfSxCaNNUTb,photo/logo.png,etc,클래식,0.529,0.00169,1,-28.764,1,0.0729,0.995,0.926,0.101,0.352,138.574,audio_features,2iQgC4MRLXVCfSxCaNNUTb,spotify:track:2iQgC4MRLXVCfSxCaNNUTb,https://api.spotify.com/v1/tracks/2iQgC4MRLXVCfSxCaNNUTb,https://api.spotify.com/v1/audio-analysis/2iQgC4MRLXVCfSxCaNNUTb,132702,5
For The Moon,클래식,07PsMSOicF6QCHEAm3vx7W,photo/logo.png,etc,클래식,0.323,0.206,5,-20.525,1,0.0434,0.994,0.894,0.215,0.689,172.3,audio_features,07PsMSOicF6QCHEAm3vx7W,spotify:track:07PsMSOicF6QCHEAm3vx7W,https://api.spotify.com/v1/tracks/07PsMSOicF6QCHEAm3vx7W,https://api.spotify.com/v1/audio-analysis/07PsMSOicF6QCHEAm3vx7W,127007,4
Resilience,클래식,6eXw7q34C5dJMVrJp17jse,photo/logo.png,etc,클래식,0.405,0.144,10,-23.607,1,0.0577,0.873,0.00591,0.099,0.156,90.963,audio_features,6eXw7q34C5dJMVrJp17jse,spotify:track:6eXw7q34C5dJMVrJp17jse,https://api.spotify.com/v1/tracks/6eXw7q34C5dJMVrJp17jse,https://api.spotify.com/v1/audio-analysis/6eXw7q34C5dJMVrJp17jse,230805,4
Evening Star ,클래식,6w28qyj70UZfSBAKZKB6Tn,photo/logo.png,etc,클래식,0.355,0.461,3,-19.721,1,0.0525,0.98,0.882,0.112,0.686,219.96,audio_features,6w28qyj70UZfSBAKZKB6Tn,spotify:track:6w28qyj70UZfSBAKZKB6Tn,https://api.spotify.com/v1/tracks/6w28qyj70UZfSBAKZKB6Tn,https://api.spotify.com/v1/audio-analysis/6w28qyj70UZfSBAKZKB6Tn,208276,3
Stars,클래식,2AUPhgo1Nrn7nQ8EWgd80v,photo/logo.png,etc,클래식,0.659,0.404,3,-18.826,1,0.0583,0.112,0.412,0.141,0.966,109.992,audio_features,2AUPhgo1Nrn7nQ8EWgd80v,spotify:track:2AUPhgo1Nrn7nQ8EWgd80v,https://api.spotify.com/v1/tracks/2AUPhgo1Nrn7nQ8EWgd80v,https://api.spotify.com/v1/audio-analysis/2AUPhgo1Nrn7nQ8EWgd80v,76434,4
The Sea,클래식,3b5ELGex3FUkS2TBzy3ipS,https://cdnimg.melon.co.kr/cm/album/images/026/48/755/2648755_500.jpg/melon/resize/120/quality/80/optimize,etc,클래식,0.322,0.107,7,-19.002,0,0.052,0.995,0.951,0.135,0.169,71.097,audio_features,3b5ELGex3FUkS2TBzy3ipS,spotify:track:3b5ELGex3FUkS2TBzy3ipS,https://api.spotify.com/v1/tracks/3b5ELGex3FUkS2TBzy3ipS,https://api.spotify.com/v1/audio-analysis/3b5ELGex3FUkS2TBzy3ipS,321170,3
