age_range,gender,region1depth_name,region2depth_name,region3depth_name
TWENTIES,MALE,강원특별자치도,평창군,대관령면 용산리
TWENTIES,MALE,강원특별자치도,평창군,대관령면 용산리
TWENTIES,MALE,강원특별자치도,평창군,대관령면 용산리
TWENTIES,MALE,강원특별자치도,평창군,대관령면 용산리
TWENTIES,MALE,강원특별자치도,평창군,대관령면 용산리
TWENTIES,FEMALE,강원특별자치도,평창군,대관령면 용산리
TWENTIES,FEMALE,강원특별자치도,평창군,대관령면 용산리
TWENTIES,FEMALE,강원특별자치도,평창군,대관령면 용산리
TWENTIES,FEMALE,강원특별자치도,평창군,대관령면 용산리
TWENTIES,FEMALE,강원특별자치도,평창군,대관령면 용산리
TWENTIES,MALE,강원특별자치도,춘천시,남산면 방하리
TWENTIES,MALE,강원특별자치도,춘천시,남산면 방하리
TWENTIES,MALE,강원특별자치도,춘천시,남산면 방하리
TWENTIES,MALE,강원특별자치도,춘천시,남산면 방하리
TWENTIES,MALE,강원특별자치도,춘천시,남산면 방하리
TWENTIES,FEMALE,강원특별자치도,춘천시,남산면 방하리
TWENTIES,FEMALE,강원특별자치도,춘천시,남산면 방하리
TWENTIES,FEMALE,강원특별자치도,춘천시,남산면 방하리
TWENTIES,FEMALE,강원특별자치도,춘천시,남산면 방하리
TWENTIES,FEMALE,강원특별자치도,춘천시,남산면 방하리
TWENTIES,MALE,강원특별자치도,양양군,현북면 중광정리
TWENTIES,MALE,강원특별자치도,양양군,현북면 중광정리
TWENTIES,MALE,강원특별자치도,양양군,현북면 중광정리
TWENTIES,MALE,강원특별자치도,양양군,현북면 중광정리
TWENTIES,MALE,강원특별자치도,양양군,현북면 중광정리
TWENTIES,MALE,강원특별자치도,양양군,현북면 중광정리
TWENTIES,MALE,강원특별자치도,양양군,현북면 중광정리
TWENTIES,MALE,강원특별자치도,양양군,현북면 중광정리
TWENTIES,MALE,강원특별자치도,양양군,현북면 중광정리
TWENTIES,MALE,강원특별자치도,양양군,현북면 중광정리
TWENTIES,MALE,강원특별자치도,양양군,현북면 중광정리
TWENTIES,MALE,강원특별자치도,양양군,현북면 중광정리
TWENTIES,MALE,강원특별자치도,양양군,현북면 중광정리
TWENTIES,MALE,강원특별자치도,양양군,현북면 중광정리
TWENTIES,MALE,강원특별자치도,양양군,현북면 중광정리
TWENTIES,MALE,강원특별자치도,양양군,현북면 중광정리
TWENTIES,MALE,강원특별자치도,양양군,현북면 중광정리
TWENTIES,MALE,강원특별자치도,양양군,현북면 중광정리
TWENTIES,MALE,강원특별자치도,양양군,현북면 중광정리
TWENTIES,MALE,강원특별자치도,양양군,현북면 중광정리
TWENTIES,FEMALE,강원특별자치도,양양군,현북면 중광정리
TWENTIES,FEMALE,강원특별자치도,양양군,현북면 중광정리
TWENTIES,FEMALE,강원특별자치도,양양군,현북면 중광정리
TWENTIES,FEMALE,강원특별자치도,양양군,현북면 중광정리
TWENTIES,FEMALE,강원특별자치도,양양군,현북면 중광정리
TWENTIES,FEMALE,강원특별자치도,양양군,현북면 중광정리
TWENTIES,FEMALE,강원특별자치도,양양군,현북면 중광정리
TWENTIES,FEMALE,강원특별자치도,양양군,현북면 중광정리
TWENTIES,FEMALE,강원특별자치도,양양군,현북면 중광정리
TWENTIES,FEMALE,강원특별자치도,양양군,현북면 중광정리
TWENTIES,FEMALE,강원특별자치도,양양군,현북면 중광정리
TWENTIES,FEMALE,강원특별자치도,양양군,현북면 중광정리
TWENTIES,FEMALE,강원특별자치도,양양군,현북면 중광정리
TWENTIES,FEMALE,강원특별자치도,양양군,현북면 중광정리
TWENTIES,FEMALE,강원특별자치도,양양군,현북면 중광정리
TWENTIES,FEMALE,강원특별자치도,양양군,현북면 중광정리
TWENTIES,FEMALE,강원특별자치도,양양군,현북면 중광정리
TWENTIES,FEMALE,강원특별자치도,양양군,현북면 중광정리
TWENTIES,FEMALE,강원특별자치도,양양군,현북면 중광정리
TWENTIES,FEMALE,강원특별자치도,양양군,현북면 중광정리
TWENTIES,MALE,경기,안산시 단원구,대부동동
TWENTIES,MALE,경기,안산시 단원구,대부동동
TWENTIES,MALE,경기,안산시 단원구,대부동동
TWENTIES,MALE,경기,안산시 단원구,대부동동
TWENTIES,MALE,경기,안산시 단원구,대부동동
TWENTIES,MALE,경기,안산시 단원구,대부동동
TWENTIES,MALE,경기,안산시 단원구,대부동동
TWENTIES,MALE,경기,안산시 단원구,대부동동
TWENTIES,MALE,경기,안산시 단원구,대부동동
TWENTIES,MALE,경기,안산시 단원구,대부동동
TWENTIES,MALE,경기,안산시 단원구,대부동동
TWENTIES,MALE,경기,안산시 단원구,대부동동
TWENTIES,MALE,경기,안산시 단원구,대부동동
TWENTIES,MALE,경기,안산시 단원구,대부동동
TWENTIES,MALE,경기,안산시 단원구,대부동동
TWENTIES,FEMALE,경기,안산시 단원구,대부동동
TWENTIES,FEMALE,경기,안산시 단원구,대부동동
TWENTIES,FEMALE,경기,안산시 단원구,대부동동
TWENTIES,FEMALE,경기,안산시 단원구,대부동동
TWENTIES,FEMALE,경기,안산시 단원구,대부동동
TWENTIES,FEMALE,경기,안산시 단원구,대부동동
TWENTIES,FEMALE,경기,안산시 단원구,대부동동
TWENTIES,FEMALE,경기,안산시 단원구,대부동동
TWENTIES,FEMALE,경기,안산시 단원구,대부동동
TWENTIES,FEMALE,경기,안산시 단원구,대부동동
TWENTIES,FEMALE,경기,안산시 단원구,대부동동
TWENTIES,FEMALE,경기,안산시 단원구,대부동동
TWENTIES,FEMALE,경기,안산시 단원구,대부동동
TWENTIES,FEMALE,경기,안산시 단원구,대부동동
TWENTIES,FEMALE,경기,안산시 단원구,대부동동
TWENTIES,MALE,경기,수원시 팔달구,남창동
TWENTIES,MALE,경기,수원시 팔달구,남창동
TWENTIES,MALE,경기,수원시 팔달구,남창동
TWENTIES,MALE,경기,수원시 팔달구,남창동
TWENTIES,MALE,경기,수원시 팔달구,남창동
TWENTIES,MALE,경기,수원시 팔달구,남창동
TWENTIES,MALE,경기,수원시 팔달구,남창동
TWENTIES,MALE,경기,수원시 팔달구,남창동
TWENTIES,MALE,경기,수원시 팔달구,남창동
TWENTIES,MALE,경기,수원시 팔달구,남창동
TWENTIES,MALE,경기,수원시 팔달구,남창동
TWENTIES,MALE,경기,수원시 팔달구,남창동
TWENTIES,MALE,경기,수원시 팔달구,남창동
TWENTIES,MALE,경기,수원시 팔달구,남창동
TWENTIES,MALE,경기,수원시 팔달구,남창동
TWENTIES,MALE,경기,수원시 팔달구,남창동
TWENTIES,MALE,경기,수원시 팔달구,남창동
TWENTIES,MALE,경기,수원시 팔달구,남창동
TWENTIES,MALE,경기,수원시 팔달구,남창동
TWENTIES,MALE,경기,수원시 팔달구,남창동
TWENTIES,FEMALE,경기,수원시 팔달구,남창동
TWENTIES,FEMALE,경기,수원시 팔달구,남창동
TWENTIES,FEMALE,경기,수원시 팔달구,남창동
TWENTIES,FEMALE,경기,수원시 팔달구,남창동
TWENTIES,FEMALE,경기,수원시 팔달구,남창동
TWENTIES,FEMALE,경기,수원시 팔달구,남창동
TWENTIES,FEMALE,경기,수원시 팔달구,남창동
TWENTIES,FEMALE,경기,수원시 팔달구,남창동
TWENTIES,FEMALE,경기,수원시 팔달구,남창동
TWENTIES,FEMALE,경기,수원시 팔달구,남창동
TWENTIES,FEMALE,경기,수원시 팔달구,남창동
TWENTIES,FEMALE,경기,수원시 팔달구,남창동
TWENTIES,FEMALE,경기,수원시 팔달구,남창동
TWENTIES,FEMALE,경기,수원시 팔달구,남창동
TWENTIES,FEMALE,경기,수원시 팔달구,남창동
TWENTIES,FEMALE,경기,수원시 팔달구,남창동
TWENTIES,FEMALE,경기,수원시 팔달구,남창동
TWENTIES,FEMALE,경기,수원시 팔달구,남창동
TWENTIES,FEMALE,경기,수원시 팔달구,남창동
TWENTIES,FEMALE,경기,수원시 팔달구,남창동
TWENTIES,MALE,경기,수원시 팔달구,남창동
TWENTIES,MALE,경기,수원시 팔달구,남창동
TWENTIES,MALE,경기,수원시 팔달구,남창동
TWENTIES,MALE,경기,수원시 팔달구,남창동
TWENTIES,MALE,경기,수원시 팔달구,남창동
TWENTIES,MALE,경기,수원시 팔달구,남창동
TWENTIES,MALE,경기,수원시 팔달구,남창동
TWENTIES,MALE,경기,수원시 팔달구,남창동
TWENTIES,MALE,경기,수원시 팔달구,남창동
TWENTIES,MALE,경기,수원시 팔달구,남창동
TWENTIES,MALE,경기,수원시 팔달구,남창동
TWENTIES,MALE,경기,수원시 팔달구,남창동
TWENTIES,MALE,경기,수원시 팔달구,남창동
TWENTIES,MALE,경기,수원시 팔달구,남창동
TWENTIES,MALE,경기,수원시 팔달구,남창동
TWENTIES,MALE,경기,수원시 팔달구,남창동
TWENTIES,MALE,경기,수원시 팔달구,남창동
TWENTIES,MALE,경기,수원시 팔달구,남창동
TWENTIES,MALE,경기,수원시 팔달구,남창동
TWENTIES,MALE,경기,수원시 팔달구,남창동
TWENTIES,FEMALE,경기,수원시 팔달구,남창동
TWENTIES,FEMALE,경기,수원시 팔달구,남창동
TWENTIES,FEMALE,경기,수원시 팔달구,남창동
TWENTIES,FEMALE,경기,수원시 팔달구,남창동
TWENTIES,FEMALE,경기,수원시 팔달구,남창동
TWENTIES,FEMALE,경기,수원시 팔달구,남창동
TWENTIES,FEMALE,경기,수원시 팔달구,남창동
TWENTIES,FEMALE,경기,수원시 팔달구,남창동
TWENTIES,FEMALE,경기,수원시 팔달구,남창동
TWENTIES,FEMALE,경기,수원시 팔달구,남창동
TWENTIES,FEMALE,경기,수원시 팔달구,남창동
TWENTIES,FEMALE,경기,수원시 팔달구,남창동
TWENTIES,FEMALE,경기,수원시 팔달구,남창동
TWENTIES,FEMALE,경기,수원시 팔달구,남창동
TWENTIES,FEMALE,경기,수원시 팔달구,남창동
TWENTIES,FEMALE,경기,수원시 팔달구,남창동
TWENTIES,FEMALE,경기,수원시 팔달구,남창동
TWENTIES,FEMALE,경기,수원시 팔달구,남창동
TWENTIES,FEMALE,경기,수원시 팔달구,남창동
TWENTIES,FEMALE,경기,수원시 팔달구,남창동
TWENTIES,MALE,경기,수원시 장안구,영화동
TWENTIES,MALE,경기,수원시 장안구,영화동
TWENTIES,MALE,경기,수원시 장안구,영화동
TWENTIES,MALE,경기,수원시 장안구,영화동
TWENTIES,MALE,경기,수원시 장안구,영화동
TWENTIES,FEMALE,경기,수원시 장안구,영화동
TWENTIES,FEMALE,경기,수원시 장안구,영화동
TWENTIES,FEMALE,경기,수원시 장안구,영화동
TWENTIES,FEMALE,경기,수원시 장안구,영화동
TWENTIES,FEMALE,경기,수원시 장안구,영화동
TWENTIES,MALE,경기,수원시 영통구,하동
TWENTIES,MALE,경기,수원시 영통구,하동
TWENTIES,MALE,경기,수원시 영통구,하동
TWENTIES,MALE,경기,수원시 영통구,하동
TWENTIES,MALE,경기,수원시 영통구,하동
TWENTIES,FEMALE,경기,수원시 영통구,하동
TWENTIES,FEMALE,경기,수원시 영통구,하동
TWENTIES,FEMALE,경기,수원시 영통구,하동
TWENTIES,FEMALE,경기,수원시 영통구,하동
TWENTIES,FEMALE,경기,수원시 영통구,하동
TWENTIES,MALE,경북,포항시 북구,두호동
TWENTIES,MALE,경북,포항시 북구,두호동
TWENTIES,MALE,경북,포항시 북구,두호동
TWENTIES,MALE,경북,포항시 북구,두호동
TWENTIES,MALE,경북,포항시 북구,두호동
TWENTIES,FEMALE,경북,포항시 북구,두호동
TWENTIES,FEMALE,경북,포항시 북구,두호동
TWENTIES,FEMALE,경북,포항시 북구,두호동
TWENTIES,FEMALE,경북,포항시 북구,두호동
TWENTIES,FEMALE,경북,포항시 북구,두호동
TWENTIES,MALE,경북,경주시,진현동
TWENTIES,MALE,경북,경주시,진현동
TWENTIES,MALE,경북,경주시,진현동
TWENTIES,MALE,경북,경주시,진현동
TWENTIES,MALE,경북,경주시,진현동
TWENTIES,FEMALE,경북,경주시,진현동
TWENTIES,FEMALE,경북,경주시,진현동
TWENTIES,FEMALE,경북,경주시,진현동
TWENTIES,FEMALE,경북,경주시,진현동
TWENTIES,FEMALE,경북,경주시,진현동
TWENTIES,MALE,대구,중구,동성로2가
TWENTIES,MALE,대구,중구,동성로2가
TWENTIES,MALE,대구,중구,동성로2가
TWENTIES,MALE,대구,중구,동성로2가
TWENTIES,MALE,대구,중구,동성로2가
TWENTIES,FEMALE,대구,중구,동성로2가
TWENTIES,FEMALE,대구,중구,동성로2가
TWENTIES,FEMALE,대구,중구,동성로2가
TWENTIES,FEMALE,대구,중구,동성로2가
TWENTIES,FEMALE,대구,중구,동성로2가
TWENTIES,MALE,대구,달서구,두류동
TWENTIES,MALE,대구,달서구,두류동
TWENTIES,MALE,대구,달서구,두류동
TWENTIES,MALE,대구,달서구,두류동
TWENTIES,MALE,대구,달서구,두류동
TWENTIES,FEMALE,대구,달서구,두류동
TWENTIES,FEMALE,대구,달서구,두류동
TWENTIES,FEMALE,대구,달서구,두류동
TWENTIES,FEMALE,대구,달서구,두류동
TWENTIES,FEMALE,대구,달서구,두류동
TWENTIES,MALE,대전,중구,은행동
TWENTIES,MALE,대전,중구,은행동
TWENTIES,MALE,대전,중구,은행동
TWENTIES,MALE,대전,중구,은행동
TWENTIES,MALE,대전,중구,은행동
TWENTIES,FEMALE,대전,중구,은행동
TWENTIES,FEMALE,대전,중구,은행동
TWENTIES,FEMALE,대전,중구,은행동
TWENTIES,FEMALE,대전,중구,은행동
TWENTIES,FEMALE,대전,중구,은행동
TWENTIES,MALE,대전,중구,은행동
TWENTIES,MALE,대전,중구,은행동
TWENTIES,MALE,대전,중구,은행동
TWENTIES,MALE,대전,중구,은행동
TWENTIES,MALE,대전,중구,은행동
TWENTIES,FEMALE,대전,중구,은행동
TWENTIES,FEMALE,대전,중구,은행동
TWENTIES,FEMALE,대전,중구,은행동
TWENTIES,FEMALE,대전,중구,은행동
TWENTIES,FEMALE,대전,중구,은행동
TWENTIES,MALE,대전,서구,만년동
TWENTIES,MALE,대전,서구,만년동
TWENTIES,MALE,대전,서구,만년동
TWENTIES,MALE,대전,서구,만년동
TWENTIES,MALE,대전,서구,만년동
TWENTIES,FEMALE,대전,서구,만년동
TWENTIES,FEMALE,대전,서구,만년동
TWENTIES,FEMALE,대전,서구,만년동
TWENTIES,FEMALE,대전,서구,만년동
TWENTIES,FEMALE,대전,서구,만년동
TWENTIES,MALE,부산,해운대구,우동
TWENTIES,MALE,부산,해운대구,우동
TWENTIES,MALE,부산,해운대구,우동
TWENTIES,MALE,부산,해운대구,우동
TWENTIES,MALE,부산,해운대구,우동
TWENTIES,MALE,부산,해운대구,우동
TWENTIES,MALE,부산,해운대구,우동
TWENTIES,MALE,부산,해운대구,우동
TWENTIES,MALE,부산,해운대구,우동
TWENTIES,MALE,부산,해운대구,우동
TWENTIES,MALE,부산,해운대구,우동
TWENTIES,MALE,부산,해운대구,우동
TWENTIES,MALE,부산,해운대구,우동
TWENTIES,MALE,부산,해운대구,우동
TWENTIES,MALE,부산,해운대구,우동
TWENTIES,MALE,부산,해운대구,우동
TWENTIES,MALE,부산,해운대구,우동
TWENTIES,MALE,부산,해운대구,우동
TWENTIES,MALE,부산,해운대구,우동
TWENTIES,MALE,부산,해운대구,우동
TWENTIES,MALE,부산,해운대구,우동
TWENTIES,MALE,부산,해운대구,우동
TWENTIES,MALE,부산,해운대구,우동
TWENTIES,MALE,부산,해운대구,우동
TWENTIES,MALE,부산,해운대구,우동
TWENTIES,MALE,부산,해운대구,우동
TWENTIES,MALE,부산,해운대구,우동
TWENTIES,MALE,부산,해운대구,우동
TWENTIES,MALE,부산,해운대구,우동
TWENTIES,MALE,부산,해운대구,우동
TWENTIES,MALE,부산,해운대구,우동
TWENTIES,MALE,부산,해운대구,우동
TWENTIES,MALE,부산,해운대구,우동
TWENTIES,MALE,부산,해운대구,우동
TWENTIES,MALE,부산,해운대구,우동
TWENTIES,FEMALE,부산,해운대구,우동
TWENTIES,FEMALE,부산,해운대구,우동
TWENTIES,FEMALE,부산,해운대구,우동
TWENTIES,FEMALE,부산,해운대구,우동
TWENTIES,FEMALE,부산,해운대구,우동
TWENTIES,FEMALE,부산,해운대구,우동
TWENTIES,FEMALE,부산,해운대구,우동
TWENTIES,FEMALE,부산,해운대구,우동
TWENTIES,FEMALE,부산,해운대구,우동
TWENTIES,FEMALE,부산,해운대구,우동
TWENTIES,FEMALE,부산,해운대구,우동
TWENTIES,FEMALE,부산,해운대구,우동
TWENTIES,FEMALE,부산,해운대구,우동
TWENTIES,FEMALE,부산,해운대구,우동
TWENTIES,FEMALE,부산,해운대구,우동
TWENTIES,FEMALE,부산,해운대구,우동
TWENTIES,FEMALE,부산,해운대구,우동
TWENTIES,FEMALE,부산,해운대구,우동
TWENTIES,FEMALE,부산,해운대구,우동
TWENTIES,FEMALE,부산,해운대구,우동
TWENTIES,FEMALE,부산,해운대구,우동
TWENTIES,FEMALE,부산,해운대구,우동
TWENTIES,FEMALE,부산,해운대구,우동
TWENTIES,FEMALE,부산,해운대구,우동
TWENTIES,FEMALE,부산,해운대구,우동
TWENTIES,FEMALE,부산,해운대구,우동
TWENTIES,FEMALE,부산,해운대구,우동
TWENTIES,FEMALE,부산,해운대구,우동
TWENTIES,FEMALE,부산,해운대구,우동
TWENTIES,FEMALE,부산,해운대구,우동
TWENTIES,FEMALE,부산,해운대구,우동
TWENTIES,FEMALE,부산,해운대구,우동
TWENTIES,FEMALE,부산,해운대구,우동
TWENTIES,FEMALE,부산,해운대구,우동
TWENTIES,FEMALE,부산,해운대구,우동
TWENTIES,MALE,부산,수영구,광안동
TWENTIES,MALE,부산,수영구,광안동
TWENTIES,MALE,부산,수영구,광안동
TWENTIES,MALE,부산,수영구,광안동
TWENTIES,MALE,부산,수영구,광안동
TWENTIES,MALE,부산,수영구,광안동
TWENTIES,MALE,부산,수영구,광안동
TWENTIES,MALE,부산,수영구,광안동
TWENTIES,MALE,부산,수영구,광안동
TWENTIES,MALE,부산,수영구,광안동
TWENTIES,FEMALE,부산,수영구,광안동
TWENTIES,FEMALE,부산,수영구,광안동
TWENTIES,FEMALE,부산,수영구,광안동
TWENTIES,FEMALE,부산,수영구,광안동
TWENTIES,FEMALE,부산,수영구,광안동
TWENTIES,FEMALE,부산,수영구,광안동
TWENTIES,FEMALE,부산,수영구,광안동
TWENTIES,FEMALE,부산,수영구,광안동
TWENTIES,FEMALE,부산,수영구,광안동
TWENTIES,FEMALE,부산,수영구,광안동
TWENTIES,MALE,부산,사하구,감천동
TWENTIES,MALE,부산,사하구,감천동
TWENTIES,MALE,부산,사하구,감천동
TWENTIES,MALE,부산,사하구,감천동
TWENTIES,MALE,부산,사하구,감천동
TWENTIES,FEMALE,부산,사하구,감천동
TWENTIES,FEMALE,부산,사하구,감천동
TWENTIES,FEMALE,부산,사하구,감천동
TWENTIES,FEMALE,부산,사하구,감천동
TWENTIES,FEMALE,부산,사하구,감천동
TWENTIES,MALE,서울,중구,을지로6가
TWENTIES,MALE,서울,중구,을지로6가
TWENTIES,MALE,서울,중구,을지로6가
TWENTIES,MALE,서울,중구,을지로6가
TWENTIES,MALE,서울,중구,을지로6가
TWENTIES,MALE,서울,중구,을지로6가
TWENTIES,MALE,서울,중구,을지로6가
TWENTIES,MALE,서울,중구,을지로6가
TWENTIES,MALE,서울,중구,을지로6가
TWENTIES,MALE,서울,중구,을지로6가
TWENTIES,FEMALE,서울,중구,을지로6가
TWENTIES,FEMALE,서울,중구,을지로6가
TWENTIES,FEMALE,서울,중구,을지로6가
TWENTIES,FEMALE,서울,중구,을지로6가
TWENTIES,FEMALE,서울,중구,을지로6가
TWENTIES,FEMALE,서울,중구,을지로6가
TWENTIES,FEMALE,서울,중구,을지로6가
TWENTIES,FEMALE,서울,중구,을지로6가
TWENTIES,FEMALE,서울,중구,을지로6가
TWENTIES,FEMALE,서울,중구,을지로6가
TWENTIES,MALE,서울,영등포구,여의도동
TWENTIES,MALE,서울,영등포구,여의도동
TWENTIES,MALE,서울,영등포구,여의도동
TWENTIES,MALE,서울,영등포구,여의도동
TWENTIES,MALE,서울,영등포구,여의도동
TWENTIES,MALE,서울,영등포구,여의도동
TWENTIES,MALE,서울,영등포구,여의도동
TWENTIES,MALE,서울,영등포구,여의도동
TWENTIES,MALE,서울,영등포구,여의도동
TWENTIES,MALE,서울,영등포구,여의도동
TWENTIES,FEMALE,서울,영등포구,여의도동
TWENTIES,FEMALE,서울,영등포구,여의도동
TWENTIES,FEMALE,서울,영등포구,여의도동
TWENTIES,FEMALE,서울,영등포구,여의도동
TWENTIES,FEMALE,서울,영등포구,여의도동
TWENTIES,FEMALE,서울,영등포구,여의도동
TWENTIES,FEMALE,서울,영등포구,여의도동
TWENTIES,FEMALE,서울,영등포구,여의도동
TWENTIES,FEMALE,서울,영등포구,여의도동
TWENTIES,FEMALE,서울,영등포구,여의도동
TWENTIES,MALE,서울,성동구,성수동1가
TWENTIES,MALE,서울,성동구,성수동1가
TWENTIES,MALE,서울,성동구,성수동1가
TWENTIES,MALE,서울,성동구,성수동1가
TWENTIES,MALE,서울,성동구,성수동1가
TWENTIES,MALE,서울,성동구,성수동1가
TWENTIES,MALE,서울,성동구,성수동1가
TWENTIES,MALE,서울,성동구,성수동1가
TWENTIES,MALE,서울,성동구,성수동1가
TWENTIES,MALE,서울,성동구,성수동1가
TWENTIES,FEMALE,서울,성동구,성수동1가
TWENTIES,FEMALE,서울,성동구,성수동1가
TWENTIES,FEMALE,서울,성동구,성수동1가
TWENTIES,FEMALE,서울,성동구,성수동1가
TWENTIES,FEMALE,서울,성동구,성수동1가
TWENTIES,FEMALE,서울,성동구,성수동1가
TWENTIES,FEMALE,서울,성동구,성수동1가
TWENTIES,FEMALE,서울,성동구,성수동1가
TWENTIES,FEMALE,서울,성동구,성수동1가
TWENTIES,FEMALE,서울,성동구,성수동1가
TWENTIES,MALE,서울,종로구,혜화동
TWENTIES,MALE,서울,종로구,혜화동
TWENTIES,MALE,서울,종로구,혜화동
TWENTIES,MALE,서울,종로구,혜화동
TWENTIES,MALE,서울,종로구,혜화동
TWENTIES,MALE,서울,종로구,혜화동
TWENTIES,MALE,서울,종로구,혜화동
TWENTIES,MALE,서울,종로구,혜화동
TWENTIES,MALE,서울,종로구,혜화동
TWENTIES,MALE,서울,종로구,혜화동
TWENTIES,FEMALE,서울,종로구,혜화동
TWENTIES,FEMALE,서울,종로구,혜화동
TWENTIES,FEMALE,서울,종로구,혜화동
TWENTIES,FEMALE,서울,종로구,혜화동
TWENTIES,FEMALE,서울,종로구,혜화동
TWENTIES,FEMALE,서울,종로구,혜화동
TWENTIES,FEMALE,서울,종로구,혜화동
TWENTIES,FEMALE,서울,종로구,혜화동
TWENTIES,FEMALE,서울,종로구,혜화동
TWENTIES,FEMALE,서울,종로구,혜화동
TWENTIES,MALE,서울,중구,회현동1가
TWENTIES,MALE,서울,중구,회현동1가
TWENTIES,MALE,서울,중구,회현동1가
TWENTIES,MALE,서울,중구,회현동1가
TWENTIES,MALE,서울,중구,회현동1가
TWENTIES,MALE,서울,중구,회현동1가
TWENTIES,MALE,서울,중구,회현동1가
TWENTIES,MALE,서울,중구,회현동1가
TWENTIES,MALE,서울,중구,회현동1가
TWENTIES,MALE,서울,중구,회현동1가
TWENTIES,FEMALE,서울,중구,회현동1가
TWENTIES,FEMALE,서울,중구,회현동1가
TWENTIES,FEMALE,서울,중구,회현동1가
TWENTIES,FEMALE,서울,중구,회현동1가
TWENTIES,FEMALE,서울,중구,회현동1가
TWENTIES,FEMALE,서울,중구,회현동1가
TWENTIES,FEMALE,서울,중구,회현동1가
TWENTIES,FEMALE,서울,중구,회현동1가
TWENTIES,FEMALE,서울,중구,회현동1가
TWENTIES,FEMALE,서울,중구,회현동1가
TWENTIES,MALE,서울,광진구,자양동
TWENTIES,MALE,서울,광진구,자양동
TWENTIES,MALE,서울,광진구,자양동
TWENTIES,MALE,서울,광진구,자양동
TWENTIES,MALE,서울,광진구,자양동
TWENTIES,MALE,서울,광진구,자양동
TWENTIES,MALE,서울,광진구,자양동
TWENTIES,MALE,서울,광진구,자양동
TWENTIES,MALE,서울,광진구,자양동
TWENTIES,MALE,서울,광진구,자양동
TWENTIES,FEMALE,서울,광진구,자양동
TWENTIES,FEMALE,서울,광진구,자양동
TWENTIES,FEMALE,서울,광진구,자양동
TWENTIES,FEMALE,서울,광진구,자양동
TWENTIES,FEMALE,서울,광진구,자양동
TWENTIES,FEMALE,서울,광진구,자양동
TWENTIES,FEMALE,서울,광진구,자양동
TWENTIES,FEMALE,서울,광진구,자양동
TWENTIES,FEMALE,서울,광진구,자양동
TWENTIES,FEMALE,서울,광진구,자양동
TWENTIES,MALE,서울,송파구,잠실동
TWENTIES,MALE,서울,송파구,잠실동
TWENTIES,MALE,서울,송파구,잠실동
TWENTIES,MALE,서울,송파구,잠실동
TWENTIES,MALE,서울,송파구,잠실동
TWENTIES,MALE,서울,송파구,잠실동
TWENTIES,MALE,서울,송파구,잠실동
TWENTIES,MALE,서울,송파구,잠실동
TWENTIES,MALE,서울,송파구,잠실동
TWENTIES,MALE,서울,송파구,잠실동
TWENTIES,FEMALE,서울,송파구,잠실동
TWENTIES,FEMALE,서울,송파구,잠실동
TWENTIES,FEMALE,서울,송파구,잠실동
TWENTIES,FEMALE,서울,송파구,잠실동
TWENTIES,FEMALE,서울,송파구,잠실동
TWENTIES,FEMALE,서울,송파구,잠실동
TWENTIES,FEMALE,서울,송파구,잠실동
TWENTIES,FEMALE,서울,송파구,잠실동
TWENTIES,FEMALE,서울,송파구,잠실동
TWENTIES,FEMALE,서울,송파구,잠실동
TWENTIES,MALE,서울,강남구,신사동
TWENTIES,MALE,서울,강남구,신사동
TWENTIES,MALE,서울,강남구,신사동
TWENTIES,MALE,서울,강남구,신사동
TWENTIES,MALE,서울,강남구,신사동
TWENTIES,MALE,서울,강남구,신사동
TWENTIES,MALE,서울,강남구,신사동
TWENTIES,MALE,서울,강남구,신사동
TWENTIES,MALE,서울,강남구,신사동
TWENTIES,MALE,서울,강남구,신사동
TWENTIES,FEMALE,서울,강남구,신사동
TWENTIES,FEMALE,서울,강남구,신사동
TWENTIES,FEMALE,서울,강남구,신사동
TWENTIES,FEMALE,서울,강남구,신사동
TWENTIES,FEMALE,서울,강남구,신사동
TWENTIES,FEMALE,서울,강남구,신사동
TWENTIES,FEMALE,서울,강남구,신사동
TWENTIES,FEMALE,서울,강남구,신사동
TWENTIES,FEMALE,서울,강남구,신사동
TWENTIES,FEMALE,서울,강남구,신사동
TWENTIES,MALE,서울,마포구,상수동
TWENTIES,MALE,서울,마포구,상수동
TWENTIES,MALE,서울,마포구,상수동
TWENTIES,MALE,서울,마포구,상수동
TWENTIES,MALE,서울,마포구,상수동
TWENTIES,MALE,서울,마포구,상수동
TWENTIES,MALE,서울,마포구,상수동
TWENTIES,MALE,서울,마포구,상수동
TWENTIES,MALE,서울,마포구,상수동
TWENTIES,MALE,서울,마포구,상수동
TWENTIES,FEMALE,서울,마포구,상수동
TWENTIES,FEMALE,서울,마포구,상수동
TWENTIES,FEMALE,서울,마포구,상수동
TWENTIES,FEMALE,서울,마포구,상수동
TWENTIES,FEMALE,서울,마포구,상수동
TWENTIES,FEMALE,서울,마포구,상수동
TWENTIES,FEMALE,서울,마포구,상수동
TWENTIES,FEMALE,서울,마포구,상수동
TWENTIES,FEMALE,서울,마포구,상수동
TWENTIES,FEMALE,서울,마포구,상수동
TWENTIES,MALE,울산,중구,태화동
TWENTIES,MALE,울산,중구,태화동
TWENTIES,MALE,울산,중구,태화동
TWENTIES,MALE,울산,중구,태화동
TWENTIES,MALE,울산,중구,태화동
TWENTIES,MALE,울산,중구,태화동
TWENTIES,MALE,울산,중구,태화동
TWENTIES,MALE,울산,중구,태화동
TWENTIES,MALE,울산,중구,태화동
TWENTIES,MALE,울산,중구,태화동
TWENTIES,FEMALE,울산,중구,태화동
TWENTIES,FEMALE,울산,중구,태화동
TWENTIES,FEMALE,울산,중구,태화동
TWENTIES,FEMALE,울산,중구,태화동
TWENTIES,FEMALE,울산,중구,태화동
TWENTIES,FEMALE,울산,중구,태화동
TWENTIES,FEMALE,울산,중구,태화동
TWENTIES,FEMALE,울산,중구,태화동
TWENTIES,FEMALE,울산,중구,태화동
TWENTIES,FEMALE,울산,중구,태화동
TWENTIES,MALE,인천,중구,을왕동
TWENTIES,MALE,인천,중구,을왕동
TWENTIES,MALE,인천,중구,을왕동
TWENTIES,MALE,인천,중구,을왕동
TWENTIES,MALE,인천,중구,을왕동
TWENTIES,MALE,인천,중구,을왕동
TWENTIES,MALE,인천,중구,을왕동
TWENTIES,MALE,인천,중구,을왕동
TWENTIES,MALE,인천,중구,을왕동
TWENTIES,MALE,인천,중구,을왕동
TWENTIES,FEMALE,인천,중구,을왕동
TWENTIES,FEMALE,인천,중구,을왕동
TWENTIES,FEMALE,인천,중구,을왕동
TWENTIES,FEMALE,인천,중구,을왕동
TWENTIES,FEMALE,인천,중구,을왕동
TWENTIES,FEMALE,인천,중구,을왕동
TWENTIES,FEMALE,인천,중구,을왕동
TWENTIES,FEMALE,인천,중구,을왕동
TWENTIES,FEMALE,인천,중구,을왕동
TWENTIES,FEMALE,인천,중구,을왕동
TWENTIES,MALE,인천,중구,북성동2가
TWENTIES,MALE,인천,중구,북성동2가
TWENTIES,MALE,인천,중구,북성동2가
TWENTIES,MALE,인천,중구,북성동2가
TWENTIES,MALE,인천,중구,북성동2가
TWENTIES,MALE,인천,중구,북성동2가
TWENTIES,MALE,인천,중구,북성동2가
TWENTIES,MALE,인천,중구,북성동2가
TWENTIES,MALE,인천,중구,북성동2가
TWENTIES,MALE,인천,중구,북성동2가
TWENTIES,FEMALE,인천,중구,북성동2가
TWENTIES,FEMALE,인천,중구,북성동2가
TWENTIES,FEMALE,인천,중구,북성동2가
TWENTIES,FEMALE,인천,중구,북성동2가
TWENTIES,FEMALE,인천,중구,북성동2가
TWENTIES,FEMALE,인천,중구,북성동2가
TWENTIES,FEMALE,인천,중구,북성동2가
TWENTIES,FEMALE,인천,중구,북성동2가
TWENTIES,FEMALE,인천,중구,북성동2가
TWENTIES,FEMALE,인천,중구,북성동2가
TWENTIES,MALE,인천,연수구,송도동
TWENTIES,MALE,인천,연수구,송도동
TWENTIES,MALE,인천,연수구,송도동
TWENTIES,MALE,인천,연수구,송도동
TWENTIES,MALE,인천,연수구,송도동
TWENTIES,MALE,인천,연수구,송도동
TWENTIES,MALE,인천,연수구,송도동
TWENTIES,MALE,인천,연수구,송도동
TWENTIES,MALE,인천,연수구,송도동
TWENTIES,MALE,인천,연수구,송도동
TWENTIES,FEMALE,인천,연수구,송도동
TWENTIES,FEMALE,인천,연수구,송도동
TWENTIES,FEMALE,인천,연수구,송도동
TWENTIES,FEMALE,인천,연수구,송도동
TWENTIES,FEMALE,인천,연수구,송도동
TWENTIES,FEMALE,인천,연수구,송도동
TWENTIES,FEMALE,인천,연수구,송도동
TWENTIES,FEMALE,인천,연수구,송도동
TWENTIES,FEMALE,인천,연수구,송도동
TWENTIES,FEMALE,인천,연수구,송도동
TWENTIES,MALE,전남,순천시,오천동
TWENTIES,MALE,전남,순천시,오천동
TWENTIES,MALE,전남,순천시,오천동
TWENTIES,MALE,전남,순천시,오천동
TWENTIES,MALE,전남,순천시,오천동
TWENTIES,MALE,전남,순천시,오천동
TWENTIES,MALE,전남,순천시,오천동
TWENTIES,MALE,전남,순천시,오천동
TWENTIES,MALE,전남,순천시,오천동
TWENTIES,MALE,전남,순천시,오천동
TWENTIES,FEMALE,전남,순천시,오천동
TWENTIES,FEMALE,전남,순천시,오천동
TWENTIES,FEMALE,전남,순천시,오천동
TWENTIES,FEMALE,전남,순천시,오천동
TWENTIES,FEMALE,전남,순천시,오천동
TWENTIES,FEMALE,전남,순천시,오천동
TWENTIES,FEMALE,전남,순천시,오천동
TWENTIES,FEMALE,전남,순천시,오천동
TWENTIES,FEMALE,전남,순천시,오천동
TWENTIES,FEMALE,전남,순천시,오천동
TWENTIES,MALE,전남,담양군,담양읍 학동리
TWENTIES,MALE,전남,담양군,담양읍 학동리
TWENTIES,MALE,전남,담양군,담양읍 학동리
TWENTIES,MALE,전남,담양군,담양읍 학동리
TWENTIES,MALE,전남,담양군,담양읍 학동리
TWENTIES,MALE,전남,담양군,담양읍 학동리
TWENTIES,MALE,전남,담양군,담양읍 학동리
TWENTIES,MALE,전남,담양군,담양읍 학동리
TWENTIES,MALE,전남,담양군,담양읍 학동리
TWENTIES,MALE,전남,담양군,담양읍 학동리
TWENTIES,FEMALE,전남,담양군,담양읍 학동리
TWENTIES,FEMALE,전남,담양군,담양읍 학동리
TWENTIES,FEMALE,전남,담양군,담양읍 학동리
TWENTIES,FEMALE,전남,담양군,담양읍 학동리
TWENTIES,FEMALE,전남,담양군,담양읍 학동리
TWENTIES,FEMALE,전남,담양군,담양읍 학동리
TWENTIES,FEMALE,전남,담양군,담양읍 학동리
TWENTIES,FEMALE,전남,담양군,담양읍 학동리
TWENTIES,FEMALE,전남,담양군,담양읍 학동리
TWENTIES,FEMALE,전남,담양군,담양읍 학동리
TWENTIES,MALE,전북특별자치도,전주시 완산구,풍남동3가
TWENTIES,MALE,전북특별자치도,전주시 완산구,풍남동3가
TWENTIES,MALE,전북특별자치도,전주시 완산구,풍남동3가
TWENTIES,MALE,전북특별자치도,전주시 완산구,풍남동3가
TWENTIES,MALE,전북특별자치도,전주시 완산구,풍남동3가
TWENTIES,MALE,전북특별자치도,전주시 완산구,풍남동3가
TWENTIES,MALE,전북특별자치도,전주시 완산구,풍남동3가
TWENTIES,MALE,전북특별자치도,전주시 완산구,풍남동3가
TWENTIES,MALE,전북특별자치도,전주시 완산구,풍남동3가
TWENTIES,MALE,전북특별자치도,전주시 완산구,풍남동3가
TWENTIES,FEMALE,전북특별자치도,전주시 완산구,풍남동3가
TWENTIES,FEMALE,전북특별자치도,전주시 완산구,풍남동3가
TWENTIES,FEMALE,전북특별자치도,전주시 완산구,풍남동3가
TWENTIES,FEMALE,전북특별자치도,전주시 완산구,풍남동3가
TWENTIES,FEMALE,전북특별자치도,전주시 완산구,풍남동3가
TWENTIES,FEMALE,전북특별자치도,전주시 완산구,풍남동3가
TWENTIES,FEMALE,전북특별자치도,전주시 완산구,풍남동3가
TWENTIES,FEMALE,전북특별자치도,전주시 완산구,풍남동3가
TWENTIES,FEMALE,전북특별자치도,전주시 완산구,풍남동3가
TWENTIES,FEMALE,전북특별자치도,전주시 완산구,풍남동3가
TWENTIES,MALE,제주특별자치도,제주시,한림읍 협재리
TWENTIES,MALE,제주특별자치도,제주시,한림읍 협재리
TWENTIES,MALE,제주특별자치도,제주시,한림읍 협재리
TWENTIES,MALE,제주특별자치도,제주시,한림읍 협재리
TWENTIES,MALE,제주특별자치도,제주시,한림읍 협재리
TWENTIES,MALE,제주특별자치도,제주시,한림읍 협재리
TWENTIES,MALE,제주특별자치도,제주시,한림읍 협재리
TWENTIES,MALE,제주특별자치도,제주시,한림읍 협재리
TWENTIES,MALE,제주특별자치도,제주시,한림읍 협재리
TWENTIES,MALE,제주특별자치도,제주시,한림읍 협재리
TWENTIES,MALE,제주특별자치도,제주시,한림읍 협재리
TWENTIES,MALE,제주특별자치도,제주시,한림읍 협재리
TWENTIES,MALE,제주특별자치도,제주시,한림읍 협재리
TWENTIES,MALE,제주특별자치도,제주시,한림읍 협재리
TWENTIES,FEMALE,제주특별자치도,제주시,한림읍 협재리
TWENTIES,FEMALE,제주특별자치도,제주시,한림읍 협재리
TWENTIES,FEMALE,제주특별자치도,제주시,한림읍 협재리
TWENTIES,FEMALE,제주특별자치도,제주시,한림읍 협재리
TWENTIES,FEMALE,제주특별자치도,제주시,한림읍 협재리
TWENTIES,FEMALE,제주특별자치도,제주시,한림읍 협재리
TWENTIES,FEMALE,제주특별자치도,제주시,한림읍 협재리
TWENTIES,FEMALE,제주특별자치도,제주시,한림읍 협재리
TWENTIES,FEMALE,제주특별자치도,제주시,한림읍 협재리
TWENTIES,FEMALE,제주특별자치도,제주시,한림읍 협재리
TWENTIES,FEMALE,제주특별자치도,제주시,한림읍 협재리
TWENTIES,FEMALE,제주특별자치도,제주시,한림읍 협재리
TWENTIES,FEMALE,제주특별자치도,제주시,한림읍 협재리
TWENTIES,FEMALE,제주특별자치도,제주시,한림읍 협재리
TWENTIES,MALE,충남,천안시 동남구,신부동
TWENTIES,MALE,충남,천안시 동남구,신부동
TWENTIES,MALE,충남,천안시 동남구,신부동
TWENTIES,MALE,충남,천안시 동남구,신부동
TWENTIES,MALE,충남,천안시 동남구,신부동
TWENTIES,MALE,충남,천안시 동남구,신부동
TWENTIES,FEMALE,충남,천안시 동남구,신부동
TWENTIES,FEMALE,충남,천안시 동남구,신부동
TWENTIES,FEMALE,충남,천안시 동남구,신부동
TWENTIES,FEMALE,충남,천안시 동남구,신부동
TWENTIES,FEMALE,충남,천안시 동남구,신부동
TWENTIES,MALE,충남,보령시,신흑동
TWENTIES,MALE,충남,보령시,신흑동
TWENTIES,MALE,충남,보령시,신흑동
TWENTIES,MALE,충남,보령시,신흑동
TWENTIES,MALE,충남,보령시,신흑동
TWENTIES,MALE,충남,보령시,신흑동
TWENTIES,FEMALE,충남,보령시,신흑동
TWENTIES,FEMALE,충남,보령시,신흑동
TWENTIES,FEMALE,충남,보령시,신흑동
TWENTIES,FEMALE,충남,보령시,신흑동
TWENTIES,FEMALE,충남,보령시,신흑동
TWENTIES,FEMALE,충남,보령시,신흑동
TWENTIES,FEMALE,충남,보령시,신흑동
TWENTIES,FEMALE,충남,보령시,신흑동
TWENTIES,FEMALE,충남,보령시,신흑동
TWENTIES,FEMALE,충남,보령시,신흑동
TWENTIES,FEMALE,충남,보령시,신흑동
TWENTIES,FEMALE,충남,보령시,신흑동
TWENTIES,FEMALE,충남,보령시,신흑동
TWENTIES,FEMALE,충남,보령시,신흑동
TWENTIES,FEMALE,충남,보령시,신흑동
TWENTIES,FEMALE,충남,보령시,신흑동
TWENTIES,FEMALE,충남,보령시,신흑동
TWENTIES,FEMALE,충남,보령시,신흑동
TWENTIES,FEMALE,충남,보령시,신흑동
TWENTIES,FEMALE,충남,보령시,신흑동
TWENTIES,FEMALE,충남,보령시,신흑동
TWENTIES,FEMALE,충남,보령시,신흑동
TWENTIES,FEMALE,충남,보령시,신흑동
TWENTIES,FEMALE,충남,보령시,신흑동
TWENTIES,FEMALE,충남,보령시,신흑동
TWENTIES,FEMALE,충남,보령시,신흑동
TWENTIES,FEMALE,충남,보령시,신흑동
TWENTIES,FEMALE,충남,보령시,신흑동
TWENTIES,FEMALE,충남,보령시,신흑동
TWENTIES,FEMALE,충남,보령시,신흑동
TWENTIES,FEMALE,충남,보령시,신흑동
TWENTIES,FEMALE,충남,보령시,신흑동
TWENTIES,FEMALE,충남,보령시,신흑동
TWENTIES,FEMALE,충남,보령시,신흑동
TWENTIES,FEMALE,충남,보령시,신흑동
TWENTIES,FEMALE,충남,보령시,신흑동
TWENTIES,FEMALE,충남,보령시,신흑동
TWENTIES,FEMALE,충남,보령시,신흑동
TWENTIES,FEMALE,충남,보령시,신흑동
TWENTIES,FEMALE,충남,보령시,신흑동
TWENTIES,FEMALE,충남,보령시,신흑동
TWENTIES,FEMALE,충남,보령시,신흑동
TWENTIES,FEMALE,충남,보령시,신흑동
TWENTIES,FEMALE,충남,보령시,신흑동
TWENTIES,FEMALE,충남,보령시,신흑동
TWENTIES,FEMALE,충남,보령시,신흑동
TWENTIES,FEMALE,충남,보령시,신흑동
TWENTIES,FEMALE,충남,보령시,신흑동
TWENTIES,FEMALE,충남,보령시,신흑동
TWENTIES,FEMALE,충남,보령시,신흑동
TWENTIES,FEMALE,충남,보령시,신흑동
TWENTIES,FEMALE,충남,보령시,신흑동
TWENTIES,FEMALE,충남,보령시,신흑동
TWENTIES,FEMALE,충남,보령시,신흑동
TWENTIES,FEMALE,충남,보령시,신흑동
TWENTIES,FEMALE,충남,보령시,신흑동
TWENTIES,FEMALE,충남,보령시,신흑동
TWENTIES,FEMALE,충남,보령시,신흑동
TWENTIES,FEMALE,충남,보령시,신흑동
TWENTIES,FEMALE,충남,보령시,신흑동
TWENTIES,FEMALE,충남,보령시,신흑동
TWENTIES,FEMALE,충남,보령시,신흑동
TWENTIES,FEMALE,충남,보령시,신흑동
TWENTIES,FEMALE,충남,보령시,신흑동
TWENTIES,FEMALE,충남,보령시,신흑동
TWENTIES,FEMALE,충남,보령시,신흑동
TWENTIES,FEMALE,충남,보령시,신흑동
TWENTIES,FEMALE,충남,보령시,신흑동
TWENTIES,FEMALE,충남,보령시,신흑동
TWENTIES,FEMALE,충남,보령시,신흑동
TWENTIES,FEMALE,충남,보령시,신흑동
TWENTIES,FEMALE,충남,보령시,신흑동
TWENTIES,FEMALE,충남,보령시,신흑동
TWENTIES,FEMALE,충남,보령시,신흑동
TWENTIES,FEMALE,충남,보령시,신흑동
TWENTIES,FEMALE,충남,보령시,신흑동
TWENTIES,MALE,경기,수원시 팔달구,남창동
TWENTIES,FEMALE,경기,수원시 팔달구,남창동
TWENTIES,FEMALE,경기,수원시 팔달구,남창동
TWENTIES,FEMALE,경기,안산시 단원구,대부동동
TWENTIES,MALE,경기,수원시 장안구,영화동
TWENTIES,FEMALE,경기,수원시 팔달구,남창동
TWENTIES,MALE,경기,수원시 팔달구,남창동
TWENTIES,MALE,경기,수원시 팔달구,남창동
TWENTIES,FEMALE,경기,안산시 단원구,대부동동
TWENTIES,MALE,경기,안산시 단원구,대부동동
TWENTIES,MALE,경기,안산시 단원구,대부동동
TWENTIES,MALE,경기,수원시 팔달구,남창동
TWENTIES,FEMALE,경기,수원시 팔달구,남창동
TWENTIES,MALE,경기,수원시 영통구,하동
TWENTIES,MALE,경기,수원시 팔달구,남창동
TWENTIES,FEMALE,경기,수원시 팔달구,남창동
TWENTIES,MALE,경기,수원시 팔달구,남창동
TWENTIES,MALE,경기,수원시 장안구,영화동
TWENTIES,MALE,경기,안산시 단원구,대부동동
TWENTIES,FEMALE,경기,수원시 장안구,영화동
TWENTIES,MALE,경기,수원시 팔달구,남창동
TWENTIES,FEMALE,경기,안산시 단원구,대부동동
TWENTIES,FEMALE,경기,수원시 팔달구,남창동
TWENTIES,FEMALE,경기,안산시 단원구,대부동동
TWENTIES,FEMALE,경기,안산시 단원구,대부동동
TWENTIES,FEMALE,경기,수원시 팔달구,남창동
TWENTIES,FEMALE,경기,수원시 팔달구,남창동
TWENTIES,FEMALE,경기,안산시 단원구,대부동동
TWENTIES,MALE,경기,수원시 팔달구,남창동
TWENTIES,FEMALE,경기,안산시 단원구,대부동동
TWENTIES,MALE,경기,수원시 영통구,하동
TWENTIES,FEMALE,경기,수원시 팔달구,남창동
TWENTIES,FEMALE,경기,수원시 팔달구,남창동
TWENTIES,MALE,경기,수원시 팔달구,남창동
TWENTIES,FEMALE,경기,수원시 팔달구,남창동
TWENTIES,MALE,경기,수원시 팔달구,남창동
TWENTIES,MALE,경기,안산시 단원구,대부동동
TWENTIES,FEMALE,경기,수원시 팔달구,남창동
TWENTIES,FEMALE,경기,안산시 단원구,대부동동
TWENTIES,FEMALE,경기,수원시 팔달구,남창동
TWENTIES,FEMALE,경기,수원시 팔달구,남창동
TWENTIES,MALE,경기,수원시 장안구,영화동
TWENTIES,FEMALE,경기,수원시 장안구,영화동
TWENTIES,FEMALE,경기,수원시 팔달구,남창동
TWENTIES,FEMALE,경기,수원시 팔달구,남창동
TWENTIES,FEMALE,경기,수원시 팔달구,남창동
TWENTIES,MALE,경기,수원시 영통구,하동
TWENTIES,MALE,경기,수원시 팔달구,남창동
TWENTIES,FEMALE,경기,안산시 단원구,대부동동
TWENTIES,MALE,경기,안산시 단원구,대부동동
TWENTIES,FEMALE,부산,해운대구,우동
TWENTIES,MALE,부산,해운대구,우동
TWENTIES,MALE,부산,수영구,광안동
TWENTIES,FEMALE,부산,사하구,감천동
TWENTIES,FEMALE,부산,해운대구,우동
TWENTIES,MALE,부산,수영구,광안동
TWENTIES,FEMALE,부산,사하구,감천동
TWENTIES,MALE,부산,해운대구,우동
TWENTIES,MALE,부산,해운대구,우동
TWENTIES,FEMALE,부산,해운대구,우동
TWENTIES,MALE,부산,해운대구,우동
TWENTIES,MALE,부산,해운대구,우동
TWENTIES,MALE,부산,수영구,광안동
TWENTIES,FEMALE,부산,해운대구,우동
TWENTIES,MALE,부산,해운대구,우동
TWENTIES,FEMALE,부산,사하구,감천동
TWENTIES,FEMALE,부산,해운대구,우동
TWENTIES,MALE,부산,사하구,감천동
TWENTIES,FEMALE,부산,해운대구,우동
TWENTIES,MALE,부산,수영구,광안동
TWENTIES,MALE,부산,사하구,감천동
TWENTIES,MALE,부산,수영구,광안동
TWENTIES,FEMALE,부산,해운대구,우동
TWENTIES,FEMALE,부산,해운대구,우동
TWENTIES,FEMALE,부산,해운대구,우동
TWENTIES,FEMALE,부산,수영구,광안동
TWENTIES,FEMALE,부산,수영구,광안동
TWENTIES,FEMALE,부산,해운대구,우동
TWENTIES,FEMALE,부산,사하구,감천동
TWENTIES,MALE,부산,해운대구,우동
TWENTIES,FEMALE,부산,해운대구,우동
TWENTIES,MALE,부산,수영구,광안동
TWENTIES,FEMALE,부산,해운대구,우동
TWENTIES,MALE,부산,해운대구,우동
TWENTIES,FEMALE,부산,해운대구,우동
TWENTIES,MALE,부산,해운대구,우동
TWENTIES,FEMALE,부산,해운대구,우동
TWENTIES,FEMALE,부산,해운대구,우동
TWENTIES,FEMALE,부산,수영구,광안동
TWENTIES,MALE,부산,해운대구,우동
TWENTIES,FEMALE,부산,해운대구,우동
TWENTIES,FEMALE,부산,해운대구,우동
TWENTIES,FEMALE,부산,사하구,감천동
TWENTIES,FEMALE,부산,해운대구,우동
TWENTIES,MALE,부산,해운대구,우동
TWENTIES,FEMALE,부산,해운대구,우동
TWENTIES,MALE,부산,해운대구,우동
TWENTIES,FEMALE,부산,해운대구,우동
TWENTIES,MALE,부산,해운대구,우동
TWENTIES,MALE,부산,수영구,광안동
TWENTIES,MALE,부산,사하구,감천동
TWENTIES,MALE,부산,해운대구,우동
TWENTIES,MALE,부산,수영구,광안동
TWENTIES,FEMALE,부산,사하구,감천동
TWENTIES,MALE,부산,수영구,광안동
TWENTIES,MALE,부산,수영구,광안동
TWENTIES,MALE,부산,해운대구,우동
TWENTIES,MALE,부산,해운대구,우동
TWENTIES,MALE,부산,해운대구,우동
TWENTIES,FEMALE,부산,수영구,광안동
TWENTIES,MALE,부산,해운대구,우동
TWENTIES,FEMALE,부산,수영구,광안동
TWENTIES,FEMALE,부산,해운대구,우동
TWENTIES,MALE,부산,해운대구,우동
TWENTIES,FEMALE,부산,수영구,광안동
TWENTIES,MALE,부산,수영구,광안동
TWENTIES,FEMALE,부산,해운대구,우동
TWENTIES,MALE,부산,해운대구,우동
TWENTIES,FEMALE,부산,해운대구,우동
TWENTIES,MALE,부산,수영구,광안동
TWENTIES,FEMALE,부산,해운대구,우동
TWENTIES,FEMALE,부산,해운대구,우동
TWENTIES,FEMALE,부산,수영구,광안동
TWENTIES,MALE,부산,수영구,광안동
TWENTIES,FEMALE,부산,해운대구,우동
TWENTIES,MALE,부산,해운대구,우동
TWENTIES,FEMALE,부산,해운대구,우동
TWENTIES,FEMALE,부산,해운대구,우동
TWENTIES,FEMALE,부산,해운대구,우동
TWENTIES,FEMALE,부산,해운대구,우동
TWENTIES,FEMALE,충남,보령시,신흑동
TWENTIES,FEMALE,충남,보령시,신흑동
TWENTIES,FEMALE,충남,보령시,신흑동
TWENTIES,FEMALE,충남,보령시,신흑동
TWENTIES,FEMALE,충남,보령시,신흑동
TWENTIES,FEMALE,충남,보령시,신흑동
TWENTIES,FEMALE,충남,보령시,신흑동
TWENTIES,FEMALE,충남,보령시,신흑동
TWENTIES,FEMALE,충남,보령시,신흑동
TWENTIES,MALE,충남,천안시 동남구,신부동
TWENTIES,FEMALE,충남,보령시,신흑동
TWENTIES,FEMALE,충남,보령시,신흑동
TWENTIES,FEMALE,충남,보령시,신흑동
TWENTIES,FEMALE,충남,보령시,신흑동
TWENTIES,FEMALE,충남,보령시,신흑동
TWENTIES,FEMALE,충남,보령시,신흑동
TWENTIES,FEMALE,충남,보령시,신흑동
TWENTIES,FEMALE,충남,보령시,신흑동
TWENTIES,FEMALE,충남,보령시,신흑동
TWENTIES,MALE,충남,천안시 동남구,신부동
TWENTIES,FEMALE,충남,보령시,신흑동
TWENTIES,FEMALE,충남,보령시,신흑동
TWENTIES,FEMALE,충남,보령시,신흑동
TWENTIES,FEMALE,충남,보령시,신흑동
TWENTIES,MALE,충남,보령시,신흑동
TWENTIES,FEMALE,충남,보령시,신흑동
TWENTIES,FEMALE,충남,보령시,신흑동
TWENTIES,FEMALE,충남,천안시 동남구,신부동
TWENTIES,MALE,충남,천안시 동남구,신부동
TWENTIES,FEMALE,충남,보령시,신흑동
TWENTIES,FEMALE,충남,보령시,신흑동
TWENTIES,FEMALE,충남,보령시,신흑동
TWENTIES,FEMALE,충남,보령시,신흑동
TWENTIES,FEMALE,충남,천안시 동남구,신부동
TWENTIES,FEMALE,충남,보령시,신흑동
TWENTIES,FEMALE,충남,보령시,신흑동
TWENTIES,FEMALE,충남,보령시,신흑동
TWENTIES,MALE,충남,천안시 동남구,신부동
TWENTIES,FEMALE,충남,보령시,신흑동
TWENTIES,FEMALE,충남,보령시,신흑동
TWENTIES,FEMALE,충남,보령시,신흑동
TWENTIES,FEMALE,충남,보령시,신흑동
TWENTIES,FEMALE,충남,보령시,신흑동
TWENTIES,FEMALE,충남,보령시,신흑동
TWENTIES,FEMALE,충남,보령시,신흑동
TWENTIES,FEMALE,충남,천안시 동남구,신부동
TWENTIES,FEMALE,충남,보령시,신흑동
TWENTIES,FEMALE,충남,보령시,신흑동
TWENTIES,FEMALE,충남,보령시,신흑동
TWENTIES,FEMALE,충남,보령시,신흑동
TWENTIES,FEMALE,충남,보령시,신흑동
TWENTIES,FEMALE,충남,보령시,신흑동
TWENTIES,FEMALE,충남,보령시,신흑동
TWENTIES,FEMALE,충남,보령시,신흑동
TWENTIES,FEMALE,충남,보령시,신흑동
TWENTIES,MALE,충남,보령시,신흑동
TWENTIES,FEMALE,충남,보령시,신흑동
TWENTIES,FEMALE,충남,보령시,신흑동
TWENTIES,FEMALE,충남,보령시,신흑동
TWENTIES,MALE,충남,보령시,신흑동
TWENTIES,FEMALE,충남,천안시 동남구,신부동
TWENTIES,FEMALE,충남,보령시,신흑동
TWENTIES,FEMALE,충남,보령시,신흑동
TWENTIES,FEMALE,충남,보령시,신흑동
TWENTIES,FEMALE,충남,보령시,신흑동
TWENTIES,FEMALE,충남,보령시,신흑동
TWENTIES,FEMALE,충남,보령시,신흑동
TWENTIES,FEMALE,충남,보령시,신흑동
TWENTIES,FEMALE,충남,보령시,신흑동
TWENTIES,FEMALE,충남,보령시,신흑동
TWENTIES,FEMALE,충남,보령시,신흑동
TWENTIES,FEMALE,충남,보령시,신흑동
TWENTIES,FEMALE,충남,보령시,신흑동
TWENTIES,FEMALE,충남,보령시,신흑동
TWENTIES,FEMALE,충남,보령시,신흑동
TWENTIES,FEMALE,충남,보령시,신흑동
TWENTIES,FEMALE,충남,보령시,신흑동
TWENTIES,FEMALE,충남,보령시,신흑동
TWENTIES,FEMALE,충남,보령시,신흑동
TWENTIES,MALE,충남,보령시,신흑동
TWENTIES,FEMALE,충남,보령시,신흑동
TWENTIES,FEMALE,충남,보령시,신흑동
TWENTIES,FEMALE,충남,보령시,신흑동
TWENTIES,FEMALE,충남,보령시,신흑동
TWENTIES,FEMALE,충남,보령시,신흑동
TWENTIES,FEMALE,충남,보령시,신흑동
TWENTIES,FEMALE,충남,천안시 동남구,신부동
TWENTIES,MALE,강원특별자치도,양양군,현북면 중광정리
TWENTIES,MALE,강원특별자치도,양양군,현북면 중광정리
TWENTIES,MALE,강원특별자치도,평창군,대관령면 용산리
TWENTIES,FEMALE,강원특별자치도,양양군,현북면 중광정리
TWENTIES,FEMALE,강원특별자치도,평창군,대관령면 용산리
TWENTIES,MALE,강원특별자치도,양양군,현북면 중광정리
TWENTIES,FEMALE,강원특별자치도,춘천시,남산면 방하리
TWENTIES,FEMALE,강원특별자치도,춘천시,남산면 방하리
TWENTIES,MALE,강원특별자치도,춘천시,남산면 방하리
TWENTIES,FEMALE,강원특별자치도,양양군,현북면 중광정리
TWENTIES,FEMALE,강원특별자치도,평창군,대관령면 용산리
TWENTIES,FEMALE,강원특별자치도,양양군,현북면 중광정리
TWENTIES,FEMALE,강원특별자치도,양양군,현북면 중광정리
TWENTIES,MALE,강원특별자치도,춘천시,남산면 방하리
TWENTIES,FEMALE,강원특별자치도,양양군,현북면 중광정리
TWENTIES,MALE,강원특별자치도,양양군,현북면 중광정리
TWENTIES,MALE,강원특별자치도,양양군,현북면 중광정리
TWENTIES,FEMALE,강원특별자치도,양양군,현북면 중광정리
TWENTIES,MALE,강원특별자치도,양양군,현북면 중광정리
TWENTIES,MALE,강원특별자치도,양양군,현북면 중광정리
TWENTIES,FEMALE,강원특별자치도,양양군,현북면 중광정리
TWENTIES,MALE,강원특별자치도,양양군,현북면 중광정리
TWENTIES,MALE,강원특별자치도,양양군,현북면 중광정리
TWENTIES,MALE,강원특별자치도,양양군,현북면 중광정리
TWENTIES,FEMALE,강원특별자치도,양양군,현북면 중광정리
TWENTIES,MALE,강원특별자치도,춘천시,남산면 방하리
TWENTIES,MALE,강원특별자치도,평창군,대관령면 용산리
TWENTIES,MALE,강원특별자치도,양양군,현북면 중광정리
TWENTIES,FEMALE,강원특별자치도,평창군,대관령면 용산리
TWENTIES,MALE,강원특별자치도,양양군,현북면 중광정리
TWENTIES,FEMALE,강원특별자치도,양양군,현북면 중광정리
TWENTIES,FEMALE,강원특별자치도,춘천시,남산면 방하리
TWENTIES,MALE,강원특별자치도,양양군,현북면 중광정리
TWENTIES,FEMALE,강원특별자치도,춘천시,남산면 방하리
TWENTIES,MALE,강원특별자치도,춘천시,남산면 방하리
TWENTIES,FEMALE,강원특별자치도,양양군,현북면 중광정리
TWENTIES,FEMALE,강원특별자치도,양양군,현북면 중광정리
TWENTIES,MALE,강원특별자치도,양양군,현북면 중광정리
TWENTIES,MALE,강원특별자치도,평창군,대관령면 용산리
TWENTIES,FEMALE,강원특별자치도,양양군,현북면 중광정리
TWENTIES,MALE,강원특별자치도,평창군,대관령면 용산리
TWENTIES,MALE,강원특별자치도,양양군,현북면 중광정리
TWENTIES,FEMALE,강원특별자치도,양양군,현북면 중광정리
TWENTIES,MALE,강원특별자치도,양양군,현북면 중광정리
TWENTIES,FEMALE,강원특별자치도,양양군,현북면 중광정리
TWENTIES,FEMALE,강원특별자치도,평창군,대관령면 용산리
TWENTIES,MALE,강원특별자치도,양양군,현북면 중광정리
TWENTIES,MALE,강원특별자치도,양양군,현북면 중광정리
TWENTIES,MALE,강원특별자치도,춘천시,남산면 방하리
TWENTIES,MALE,강원특별자치도,평창군,대관령면 용산리
TWENTIES,MALE,강원특별자치도,양양군,현북면 중광정리
TWENTIES,FEMALE,강원특별자치도,평창군,대관령면 용산리
TWENTIES,FEMALE,강원특별자치도,평창군,대관령면 용산리
TWENTIES,MALE,강원특별자치도,양양군,현북면 중광정리
TWENTIES,MALE,강원특별자치도,양양군,현북면 중광정리
TWENTIES,MALE,강원특별자치도,양양군,현북면 중광정리
TWENTIES,FEMALE,강원특별자치도,양양군,현북면 중광정리
TWENTIES,FEMALE,강원특별자치도,춘천시,남산면 방하리
TWENTIES,MALE,강원특별자치도,양양군,현북면 중광정리
TWENTIES,FEMALE,강원특별자치도,평창군,대관령면 용산리
TWENTIES,FEMALE,강원특별자치도,양양군,현북면 중광정리
TWENTIES,MALE,강원특별자치도,양양군,현북면 중광정리
TWENTIES,MALE,강원특별자치도,양양군,현북면 중광정리
TWENTIES,FEMALE,강원특별자치도,춘천시,남산면 방하리
TWENTIES,FEMALE,강원특별자치도,춘천시,남산면 방하리
TWENTIES,MALE,강원특별자치도,양양군,현북면 중광정리
TWENTIES,MALE,강원특별자치도,양양군,현북면 중광정리
TWENTIES,FEMALE,강원특별자치도,평창군,대관령면 용산리
TWENTIES,FEMALE,강원특별자치도,양양군,현북면 중광정리
TWENTIES,MALE,강원특별자치도,양양군,현북면 중광정리
TWENTIES,MALE,강원특별자치도,양양군,현북면 중광정리
TWENTIES,FEMALE,강원특별자치도,춘천시,남산면 방하리
TWENTIES,MALE,강원특별자치도,양양군,현북면 중광정리
TWENTIES,FEMALE,강원특별자치도,양양군,현북면 중광정리
TWENTIES,MALE,강원특별자치도,양양군,현북면 중광정리
TWENTIES,MALE,강원특별자치도,양양군,현북면 중광정리
TWENTIES,MALE,강원특별자치도,평창군,대관령면 용산리
TWENTIES,MALE,강원특별자치도,평창군,대관령면 용산리
TWENTIES,FEMALE,강원특별자치도,양양군,현북면 중광정리
TWENTIES,MALE,강원특별자치도,양양군,현북면 중광정리
TWENTIES,MALE,강원특별자치도,춘천시,남산면 방하리
TWENTIES,FEMALE,강원특별자치도,양양군,현북면 중광정리
TWENTIES,MALE,강원특별자치도,양양군,현북면 중광정리
TWENTIES,FEMALE,강원특별자치도,양양군,현북면 중광정리
TWENTIES,MALE,강원특별자치도,평창군,대관령면 용산리
TWENTIES,FEMALE,강원특별자치도,양양군,현북면 중광정리
TWENTIES,FEMALE,강원특별자치도,춘천시,남산면 방하리
TWENTIES,MALE,강원특별자치도,양양군,현북면 중광정리
TWENTIES,FEMALE,강원특별자치도,양양군,현북면 중광정리
TWENTIES,MALE,강원특별자치도,춘천시,남산면 방하리
TWENTIES,MALE,강원특별자치도,양양군,현북면 중광정리
TWENTIES,MALE,강원특별자치도,양양군,현북면 중광정리
TWENTIES,MALE,강원특별자치도,평창군,대관령면 용산리
TWENTIES,FEMALE,강원특별자치도,평창군,대관령면 용산리
TWENTIES,FEMALE,강원특별자치도,평창군,대관령면 용산리
TWENTIES,MALE,강원특별자치도,양양군,현북면 중광정리
TWENTIES,FEMALE,강원특별자치도,춘천시,남산면 방하리
TWENTIES,FEMALE,강원특별자치도,양양군,현북면 중광정리
TWENTIES,FEMALE,강원특별자치도,양양군,현북면 중광정리
TWENTIES,FEMALE,강원특별자치도,양양군,현북면 중광정리
TWENTIES,MALE,강원특별자치도,양양군,현북면 중광정리
TWENTIES,MALE,강원특별자치도,평창군,대관령면 용산리
TWENTIES,FEMALE,강원특별자치도,양양군,현북면 중광정리
TWENTIES,MALE,강원특별자치도,양양군,현북면 중광정리
TWENTIES,FEMALE,강원특별자치도,양양군,현북면 중광정리
TWENTIES,MALE,강원특별자치도,양양군,현북면 중광정리
TWENTIES,FEMALE,강원특별자치도,춘천시,남산면 방하리
TWENTIES,MALE,강원특별자치도,양양군,현북면 중광정리
TWENTIES,MALE,강원특별자치도,춘천시,남산면 방하리
TWENTIES,MALE,강원특별자치도,양양군,현북면 중광정리
TWENTIES,MALE,강원특별자치도,양양군,현북면 중광정리
TWENTIES,FEMALE,강원특별자치도,평창군,대관령면 용산리
TWENTIES,MALE,강원특별자치도,평창군,대관령면 용산리
TWENTIES,FEMALE,강원특별자치도,양양군,현북면 중광정리
TWENTIES,FEMALE,강원특별자치도,양양군,현북면 중광정리
TWENTIES,FEMALE,강원특별자치도,평창군,대관령면 용산리
TWENTIES,FEMALE,강원특별자치도,양양군,현북면 중광정리
TWENTIES,MALE,강원특별자치도,양양군,현북면 중광정리
TWENTIES,FEMALE,강원특별자치도,양양군,현북면 중광정리
TWENTIES,MALE,강원특별자치도,양양군,현북면 중광정리
TWENTIES,MALE,인천,중구,을왕동
TWENTIES,MALE,인천,연수구,송도동
TWENTIES,FEMALE,인천,연수구,송도동
TWENTIES,FEMALE,인천,연수구,송도동
TWENTIES,FEMALE,인천,중구,을왕동
TWENTIES,MALE,인천,중구,북성동2가
TWENTIES,FEMALE,인천,중구,북성동2가
TWENTIES,FEMALE,인천,중구,북성동2가
TWENTIES,MALE,인천,연수구,송도동
TWENTIES,FEMALE,인천,중구,북성동2가
TWENTIES,FEMALE,인천,중구,을왕동
TWENTIES,FEMALE,인천,중구,을왕동
TWENTIES,FEMALE,인천,중구,북성동2가
TWENTIES,FEMALE,인천,중구,을왕동
TWENTIES,MALE,인천,연수구,송도동
TWENTIES,MALE,인천,연수구,송도동
TWENTIES,MALE,인천,중구,북성동2가
TWENTIES,FEMALE,인천,중구,북성동2가
TWENTIES,FEMALE,인천,중구,북성동2가
TWENTIES,MALE,인천,중구,북성동2가
TWENTIES,FEMALE,인천,연수구,송도동
TWENTIES,MALE,인천,중구,북성동2가
TWENTIES,FEMALE,인천,중구,북성동2가
TWENTIES,FEMALE,인천,중구,북성동2가
TWENTIES,MALE,인천,중구,을왕동
TWENTIES,MALE,인천,중구,을왕동
TWENTIES,FEMALE,인천,중구,을왕동
TWENTIES,FEMALE,인천,중구,을왕동
TWENTIES,FEMALE,인천,연수구,송도동
TWENTIES,MALE,인천,중구,북성동2가
TWENTIES,MALE,인천,중구,북성동2가
TWENTIES,MALE,인천,중구,북성동2가
TWENTIES,FEMALE,인천,중구,북성동2가
TWENTIES,MALE,인천,중구,을왕동
TWENTIES,MALE,인천,연수구,송도동
TWENTIES,MALE,인천,중구,북성동2가
TWENTIES,FEMALE,인천,중구,을왕동
TWENTIES,MALE,인천,연수구,송도동
TWENTIES,MALE,인천,중구,을왕동
TWENTIES,MALE,인천,중구,을왕동
TWENTIES,FEMALE,인천,중구,북성동2가
TWENTIES,FEMALE,인천,중구,북성동2가
TWENTIES,MALE,인천,연수구,송도동
TWENTIES,FEMALE,인천,중구,을왕동
TWENTIES,MALE,인천,중구,을왕동
TWENTIES,MALE,인천,중구,북성동2가
TWENTIES,FEMALE,인천,연수구,송도동
TWENTIES,FEMALE,인천,중구,을왕동
TWENTIES,MALE,인천,중구,북성동2가
TWENTIES,MALE,인천,중구,북성동2가
TWENTIES,MALE,인천,중구,북성동2가
TWENTIES,MALE,인천,중구,을왕동
TWENTIES,FEMALE,인천,중구,북성동2가
TWENTIES,FEMALE,인천,중구,을왕동
TWENTIES,FEMALE,인천,중구,을왕동
TWENTIES,MALE,인천,연수구,송도동
TWENTIES,MALE,인천,연수구,송도동
TWENTIES,MALE,인천,연수구,송도동
TWENTIES,FEMALE,인천,중구,을왕동
TWENTIES,MALE,인천,중구,을왕동
TWENTIES,FEMALE,인천,중구,을왕동
TWENTIES,FEMALE,인천,연수구,송도동
TWENTIES,MALE,인천,중구,북성동2가
TWENTIES,MALE,인천,중구,을왕동
TWENTIES,MALE,인천,중구,북성동2가
TWENTIES,FEMALE,인천,중구,북성동2가
TWENTIES,FEMALE,인천,중구,을왕동
TWENTIES,FEMALE,인천,중구,을왕동
TWENTIES,FEMALE,인천,중구,을왕동
TWENTIES,MALE,인천,중구,북성동2가
TWENTIES,FEMALE,인천,중구,을왕동
TWENTIES,FEMALE,인천,중구,을왕동
TWENTIES,MALE,인천,중구,북성동2가
TWENTIES,FEMALE,인천,중구,북성동2가
TWENTIES,FEMALE,인천,연수구,송도동
TWENTIES,MALE,인천,연수구,송도동
TWENTIES,FEMALE,인천,중구,북성동2가
TWENTIES,FEMALE,인천,연수구,송도동
TWENTIES,MALE,인천,중구,북성동2가
TWENTIES,FEMALE,인천,연수구,송도동
TWENTIES,FEMALE,인천,연수구,송도동
TWENTIES,MALE,인천,연수구,송도동
TWENTIES,MALE,인천,중구,을왕동
TWENTIES,MALE,인천,중구,을왕동
TWENTIES,FEMALE,인천,중구,북성동2가
TWENTIES,MALE,인천,연수구,송도동
TWENTIES,MALE,인천,중구,을왕동
TWENTIES,MALE,인천,중구,북성동2가
TWENTIES,MALE,인천,연수구,송도동
TWENTIES,FEMALE,인천,연수구,송도동
TWENTIES,MALE,인천,중구,북성동2가
TWENTIES,MALE,인천,중구,북성동2가
TWENTIES,FEMALE,인천,중구,을왕동
TWENTIES,FEMALE,인천,연수구,송도동
TWENTIES,MALE,인천,연수구,송도동
TWENTIES,FEMALE,인천,중구,북성동2가
TWENTIES,FEMALE,인천,중구,을왕동
TWENTIES,MALE,인천,중구,을왕동
TWENTIES,MALE,인천,연수구,송도동
TWENTIES,FEMALE,인천,연수구,송도동
TWENTIES,MALE,인천,중구,북성동2가
TWENTIES,FEMALE,인천,중구,북성동2가
TWENTIES,MALE,인천,중구,북성동2가
TWENTIES,FEMALE,인천,중구,북성동2가
TWENTIES,MALE,인천,중구,을왕동
TWENTIES,FEMALE,인천,연수구,송도동
TWENTIES,MALE,인천,중구,북성동2가
TWENTIES,MALE,인천,중구,북성동2가
TWENTIES,FEMALE,인천,중구,북성동2가
TWENTIES,MALE,인천,중구,북성동2가
TWENTIES,FEMALE,인천,중구,북성동2가
TWENTIES,MALE,인천,중구,을왕동
TWENTIES,MALE,인천,중구,북성동2가
TWENTIES,MALE,인천,중구,북성동2가
TWENTIES,FEMALE,인천,중구,북성동2가
TWENTIES,FEMALE,인천,중구,을왕동
TWENTIES,FEMALE,인천,연수구,송도동
TWENTIES,MALE,인천,중구,북성동2가
TWENTIES,MALE,인천,연수구,송도동
TWENTIES,FEMALE,인천,연수구,송도동
TWENTIES,FEMALE,전남,담양군,담양읍 학동리
TWENTIES,FEMALE,전남,담양군,담양읍 학동리
TWENTIES,MALE,전남,순천시,오천동
TWENTIES,MALE,전남,순천시,오천동
TWENTIES,MALE,전남,순천시,오천동
TWENTIES,FEMALE,전남,담양군,담양읍 학동리
TWENTIES,FEMALE,전남,담양군,담양읍 학동리
TWENTIES,FEMALE,전남,순천시,오천동
TWENTIES,FEMALE,전남,순천시,오천동
TWENTIES,MALE,전남,순천시,오천동
TWENTIES,MALE,전남,담양군,담양읍 학동리
TWENTIES,FEMALE,전남,담양군,담양읍 학동리
TWENTIES,MALE,전남,담양군,담양읍 학동리
TWENTIES,MALE,전남,담양군,담양읍 학동리
TWENTIES,FEMALE,전남,담양군,담양읍 학동리
TWENTIES,MALE,전남,순천시,오천동
TWENTIES,FEMALE,전남,담양군,담양읍 학동리
TWENTIES,FEMALE,전남,순천시,오천동
TWENTIES,FEMALE,전남,담양군,담양읍 학동리
TWENTIES,MALE,전남,순천시,오천동
TWENTIES,FEMALE,전남,순천시,오천동
TWENTIES,MALE,전남,순천시,오천동
TWENTIES,FEMALE,전남,순천시,오천동
TWENTIES,FEMALE,전남,담양군,담양읍 학동리
TWENTIES,FEMALE,전남,순천시,오천동
TWENTIES,MALE,전남,순천시,오천동
TWENTIES,MALE,전남,순천시,오천동
TWENTIES,MALE,전남,담양군,담양읍 학동리
TWENTIES,FEMALE,전남,순천시,오천동
TWENTIES,MALE,전남,담양군,담양읍 학동리
TWENTIES,FEMALE,전남,순천시,오천동
TWENTIES,FEMALE,전남,담양군,담양읍 학동리
TWENTIES,FEMALE,전남,순천시,오천동
TWENTIES,FEMALE,전남,담양군,담양읍 학동리
TWENTIES,FEMALE,전남,순천시,오천동
TWENTIES,FEMALE,전남,담양군,담양읍 학동리
TWENTIES,MALE,전남,담양군,담양읍 학동리
TWENTIES,FEMALE,전남,담양군,담양읍 학동리
TWENTIES,FEMALE,전남,순천시,오천동
TWENTIES,FEMALE,전남,담양군,담양읍 학동리
TWENTIES,MALE,전남,담양군,담양읍 학동리
TWENTIES,MALE,전남,담양군,담양읍 학동리
TWENTIES,MALE,전남,순천시,오천동
TWENTIES,MALE,전남,순천시,오천동
TWENTIES,MALE,전남,순천시,오천동
TWENTIES,MALE,전남,순천시,오천동
TWENTIES,MALE,전남,담양군,담양읍 학동리
TWENTIES,FEMALE,전남,순천시,오천동
TWENTIES,MALE,전남,순천시,오천동
TWENTIES,MALE,전남,순천시,오천동
TWENTIES,FEMALE,전남,순천시,오천동
TWENTIES,MALE,전남,담양군,담양읍 학동리
TWENTIES,FEMALE,전남,순천시,오천동
TWENTIES,FEMALE,전남,순천시,오천동
TWENTIES,MALE,전남,담양군,담양읍 학동리
TWENTIES,MALE,전남,순천시,오천동
TWENTIES,FEMALE,전남,순천시,오천동
TWENTIES,FEMALE,전남,담양군,담양읍 학동리
TWENTIES,MALE,전남,담양군,담양읍 학동리
TWENTIES,MALE,전남,담양군,담양읍 학동리
TWENTIES,FEMALE,전남,담양군,담양읍 학동리
TWENTIES,FEMALE,전남,담양군,담양읍 학동리
TWENTIES,FEMALE,전남,담양군,담양읍 학동리
TWENTIES,FEMALE,전남,순천시,오천동
TWENTIES,FEMALE,전남,담양군,담양읍 학동리
TWENTIES,FEMALE,전남,순천시,오천동
TWENTIES,FEMALE,전남,순천시,오천동
TWENTIES,FEMALE,전남,담양군,담양읍 학동리
TWENTIES,MALE,전남,담양군,담양읍 학동리
TWENTIES,FEMALE,전남,순천시,오천동
TWENTIES,FEMALE,전남,담양군,담양읍 학동리
TWENTIES,MALE,전남,순천시,오천동
TWENTIES,MALE,전남,순천시,오천동
TWENTIES,FEMALE,전남,담양군,담양읍 학동리
TWENTIES,FEMALE,전남,담양군,담양읍 학동리
TWENTIES,MALE,전남,순천시,오천동
TWENTIES,MALE,전남,순천시,오천동
TWENTIES,FEMALE,전남,담양군,담양읍 학동리
TWENTIES,FEMALE,전남,담양군,담양읍 학동리
TWENTIES,MALE,전남,순천시,오천동
TWENTIES,MALE,전남,담양군,담양읍 학동리
TWENTIES,FEMALE,전남,순천시,오천동
TWENTIES,MALE,전남,순천시,오천동
TWENTIES,MALE,전남,담양군,담양읍 학동리
TWENTIES,FEMALE,전남,순천시,오천동
TWENTIES,MALE,전남,담양군,담양읍 학동리
TWENTIES,FEMALE,전남,담양군,담양읍 학동리
TWENTIES,FEMALE,전남,순천시,오천동
TWENTIES,MALE,전남,담양군,담양읍 학동리
TWENTIES,FEMALE,전남,담양군,담양읍 학동리
TWENTIES,FEMALE,전남,순천시,오천동
TWENTIES,MALE,전남,순천시,오천동
TWENTIES,FEMALE,전남,담양군,담양읍 학동리
TWENTIES,FEMALE,전남,담양군,담양읍 학동리
TWENTIES,FEMALE,전남,순천시,오천동
TWENTIES,MALE,전남,순천시,오천동
TWENTIES,MALE,전남,담양군,담양읍 학동리
TWENTIES,FEMALE,전남,담양군,담양읍 학동리
TWENTIES,MALE,전남,담양군,담양읍 학동리
TWENTIES,MALE,전남,담양군,담양읍 학동리
TWENTIES,FEMALE,전남,순천시,오천동
TWENTIES,FEMALE,전남,순천시,오천동
TWENTIES,FEMALE,전남,순천시,오천동
TWENTIES,FEMALE,전남,담양군,담양읍 학동리
TWENTIES,FEMALE,전남,순천시,오천동
TWENTIES,MALE,전남,순천시,오천동
TWENTIES,FEMALE,전남,순천시,오천동
TWENTIES,FEMALE,전남,순천시,오천동
TWENTIES,MALE,전남,순천시,오천동
TWENTIES,FEMALE,전남,담양군,담양읍 학동리
TWENTIES,FEMALE,전남,순천시,오천동
TWENTIES,MALE,전남,순천시,오천동
TWENTIES,MALE,전남,순천시,오천동
TWENTIES,MALE,전남,담양군,담양읍 학동리
TWENTIES,MALE,전남,순천시,오천동
TWENTIES,FEMALE,전남,담양군,담양읍 학동리
TWENTIES,FEMALE,전남,순천시,오천동
TWENTIES,MALE,전남,순천시,오천동
TWENTIES,FEMALE,전남,순천시,오천동
TWENTIES,MALE,전남,담양군,담양읍 학동리
TWENTIES,FEMALE,전남,담양군,담양읍 학동리
TWENTIES,MALE,전남,담양군,담양읍 학동리
TWENTIES,MALE,전남,담양군,담양읍 학동리
TWENTIES,MALE,전남,담양군,담양읍 학동리
TWENTIES,FEMALE,전남,담양군,담양읍 학동리
TWENTIES,MALE,전남,순천시,오천동
TWENTIES,MALE,전남,순천시,오천동
TWENTIES,MALE,전남,순천시,오천동
TWENTIES,FEMALE,전남,순천시,오천동
TWENTIES,MALE,전남,순천시,오천동
TWENTIES,FEMALE,전남,순천시,오천동
TWENTIES,MALE,전남,담양군,담양읍 학동리
TWENTIES,FEMALE,전남,순천시,오천동
TWENTIES,MALE,전남,담양군,담양읍 학동리
TWENTIES,FEMALE,전남,담양군,담양읍 학동리
TWENTIES,MALE,전남,담양군,담양읍 학동리
TWENTIES,MALE,전남,담양군,담양읍 학동리
TWENTIES,MALE,전남,순천시,오천동
TWENTIES,FEMALE,전남,순천시,오천동
TWENTIES,FEMALE,전남,순천시,오천동
TWENTIES,MALE,대전,서구,만년동
TWENTIES,MALE,대전,중구,은행동
TWENTIES,MALE,대전,서구,만년동
TWENTIES,MALE,대전,서구,만년동
TWENTIES,FEMALE,대전,서구,만년동
TWENTIES,FEMALE,대전,서구,만년동
TWENTIES,MALE,대전,중구,은행동
TWENTIES,MALE,대전,중구,은행동
TWENTIES,FEMALE,대전,중구,은행동
TWENTIES,FEMALE,대전,중구,은행동
TWENTIES,MALE,대전,중구,은행동
TWENTIES,MALE,대전,중구,은행동
TWENTIES,FEMALE,대전,중구,은행동
TWENTIES,FEMALE,대전,중구,은행동
TWENTIES,MALE,대전,중구,은행동
TWENTIES,MALE,대전,중구,은행동
TWENTIES,FEMALE,대전,서구,만년동
TWENTIES,FEMALE,대전,서구,만년동
TWENTIES,FEMALE,대전,중구,은행동
TWENTIES,FEMALE,대전,중구,은행동
TWENTIES,MALE,대전,서구,만년동
TWENTIES,MALE,대전,서구,만년동
TWENTIES,MALE,대전,서구,만년동
TWENTIES,MALE,대전,중구,은행동
TWENTIES,FEMALE,대전,중구,은행동
TWENTIES,MALE,대전,서구,만년동
TWENTIES,MALE,대전,중구,은행동
TWENTIES,MALE,대전,중구,은행동
TWENTIES,FEMALE,대전,서구,만년동
TWENTIES,FEMALE,대전,서구,만년동
TWENTIES,MALE,대전,중구,은행동
TWENTIES,FEMALE,대전,중구,은행동
TWENTIES,FEMALE,대전,중구,은행동
TWENTIES,MALE,대전,중구,은행동
TWENTIES,FEMALE,대전,서구,만년동
TWENTIES,MALE,대전,서구,만년동
TWENTIES,MALE,대전,중구,은행동
TWENTIES,MALE,대전,중구,은행동
TWENTIES,MALE,대전,중구,은행동
TWENTIES,MALE,대전,서구,만년동
TWENTIES,MALE,대전,중구,은행동
TWENTIES,MALE,대전,중구,은행동
TWENTIES,MALE,대전,중구,은행동
TWENTIES,FEMALE,대전,서구,만년동
TWENTIES,MALE,대전,중구,은행동
TWENTIES,MALE,대전,중구,은행동
TWENTIES,MALE,대전,서구,만년동
TWENTIES,FEMALE,대전,서구,만년동
TWENTIES,MALE,대전,중구,은행동
TWENTIES,FEMALE,대전,중구,은행동
TWENTIES,FEMALE,대전,중구,은행동
TWENTIES,FEMALE,대전,중구,은행동
TWENTIES,FEMALE,대전,중구,은행동
TWENTIES,FEMALE,대전,서구,만년동
TWENTIES,MALE,대전,서구,만년동
TWENTIES,MALE,대전,서구,만년동
TWENTIES,MALE,대전,중구,은행동
TWENTIES,MALE,대전,중구,은행동
TWENTIES,FEMALE,대전,서구,만년동
TWENTIES,FEMALE,대전,중구,은행동
TWENTIES,FEMALE,대전,중구,은행동
TWENTIES,FEMALE,대전,중구,은행동
TWENTIES,FEMALE,대전,중구,은행동
TWENTIES,FEMALE,대전,중구,은행동
TWENTIES,MALE,대전,서구,만년동
TWENTIES,FEMALE,대전,서구,만년동
TWENTIES,MALE,대전,서구,만년동
TWENTIES,FEMALE,대전,서구,만년동
TWENTIES,MALE,대전,서구,만년동
TWENTIES,MALE,대전,중구,은행동
TWENTIES,FEMALE,대전,중구,은행동
TWENTIES,MALE,대전,중구,은행동
TWENTIES,MALE,대전,중구,은행동
TWENTIES,MALE,대전,중구,은행동
TWENTIES,FEMALE,대전,서구,만년동
TWENTIES,FEMALE,대전,중구,은행동
TWENTIES,MALE,대전,중구,은행동
TWENTIES,MALE,대전,중구,은행동
TWENTIES,MALE,대전,중구,은행동
TWENTIES,FEMALE,대전,서구,만년동
TWENTIES,FEMALE,대전,중구,은행동
TWENTIES,MALE,대전,중구,은행동
TWENTIES,FEMALE,대전,중구,은행동
TWENTIES,FEMALE,대전,서구,만년동
TWENTIES,FEMALE,대전,중구,은행동
TWENTIES,FEMALE,대전,중구,은행동
TWENTIES,MALE,대전,중구,은행동
TWENTIES,FEMALE,대전,중구,은행동
TWENTIES,MALE,대전,중구,은행동
TWENTIES,MALE,대전,중구,은행동
TWENTIES,FEMALE,대전,중구,은행동
TWENTIES,FEMALE,대전,중구,은행동
TWENTIES,FEMALE,대전,중구,은행동
TWENTIES,FEMALE,대전,중구,은행동
TWENTIES,MALE,대전,중구,은행동
TWENTIES,MALE,대전,중구,은행동
TWENTIES,MALE,대전,중구,은행동
TWENTIES,MALE,대전,서구,만년동
TWENTIES,MALE,대전,중구,은행동
TWENTIES,MALE,대전,서구,만년동
TWENTIES,FEMALE,대전,중구,은행동
TWENTIES,FEMALE,대전,중구,은행동
TWENTIES,MALE,대전,서구,만년동
TWENTIES,MALE,대전,중구,은행동
TWENTIES,MALE,대전,서구,만년동
TWENTIES,MALE,대전,중구,은행동
TWENTIES,MALE,대전,중구,은행동
TWENTIES,MALE,대전,중구,은행동
TWENTIES,MALE,대전,중구,은행동
TWENTIES,FEMALE,대전,중구,은행동
TWENTIES,FEMALE,대전,서구,만년동
TWENTIES,FEMALE,대전,중구,은행동
TWENTIES,MALE,대전,중구,은행동
TWENTIES,MALE,대전,중구,은행동
TWENTIES,FEMALE,대전,중구,은행동
TWENTIES,MALE,대전,서구,만년동
TWENTIES,MALE,대전,중구,은행동
TWENTIES,MALE,대전,서구,만년동
TWENTIES,MALE,대전,중구,은행동
TWENTIES,FEMALE,대전,서구,만년동
TWENTIES,MALE,대전,서구,만년동
TWENTIES,FEMALE,대전,중구,은행동
TWENTIES,MALE,대전,중구,은행동
TWENTIES,MALE,대전,중구,은행동
TWENTIES,MALE,대전,중구,은행동
TWENTIES,FEMALE,대전,중구,은행동
TWENTIES,FEMALE,대전,중구,은행동
TWENTIES,FEMALE,대전,중구,은행동
TWENTIES,MALE,대전,서구,만년동
TWENTIES,MALE,대전,서구,만년동
TWENTIES,FEMALE,대전,중구,은행동
TWENTIES,FEMALE,대전,서구,만년동
TWENTIES,FEMALE,대전,서구,만년동
TWENTIES,MALE,대전,중구,은행동
TWENTIES,MALE,대전,중구,은행동
TWENTIES,FEMALE,대전,중구,은행동
TWENTIES,MALE,대전,중구,은행동
TWENTIES,MALE,대전,중구,은행동
TWENTIES,FEMALE,대전,서구,만년동
TWENTIES,FEMALE,대전,중구,은행동
TWENTIES,MALE,대전,중구,은행동
TWENTIES,MALE,대전,중구,은행동
TWENTIES,FEMALE,대전,서구,만년동
TWENTIES,FEMALE,대전,중구,은행동
TWENTIES,FEMALE,대전,중구,은행동
TWENTIES,FEMALE,대전,중구,은행동
TWENTIES,MALE,대전,중구,은행동
TWENTIES,MALE,대전,중구,은행동
TWENTIES,MALE,대전,중구,은행동
TWENTIES,MALE,대전,서구,만년동
TWENTIES,FEMALE,제주특별자치도,제주시,한림읍 협재리
TWENTIES,FEMALE,제주특별자치도,제주시,한림읍 협재리
TWENTIES,MALE,제주특별자치도,제주시,한림읍 협재리
TWENTIES,FEMALE,제주특별자치도,제주시,한림읍 협재리
TWENTIES,MALE,제주특별자치도,제주시,한림읍 협재리
TWENTIES,FEMALE,제주특별자치도,제주시,한림읍 협재리
TWENTIES,FEMALE,제주특별자치도,제주시,한림읍 협재리
TWENTIES,FEMALE,제주특별자치도,제주시,한림읍 협재리
TWENTIES,MALE,제주특별자치도,제주시,한림읍 협재리
TWENTIES,FEMALE,제주특별자치도,제주시,한림읍 협재리
TWENTIES,MALE,제주특별자치도,제주시,한림읍 협재리
TWENTIES,FEMALE,제주특별자치도,제주시,한림읍 협재리
TWENTIES,MALE,제주특별자치도,제주시,한림읍 협재리
TWENTIES,MALE,제주특별자치도,제주시,한림읍 협재리
TWENTIES,FEMALE,제주특별자치도,제주시,한림읍 협재리
TWENTIES,MALE,제주특별자치도,제주시,한림읍 협재리
TWENTIES,FEMALE,제주특별자치도,제주시,한림읍 협재리
TWENTIES,FEMALE,제주특별자치도,제주시,한림읍 협재리
TWENTIES,MALE,제주특별자치도,제주시,한림읍 협재리
TWENTIES,FEMALE,제주특별자치도,제주시,한림읍 협재리
TWENTIES,MALE,제주특별자치도,제주시,한림읍 협재리
TWENTIES,MALE,제주특별자치도,제주시,한림읍 협재리
TWENTIES,FEMALE,제주특별자치도,제주시,한림읍 협재리
TWENTIES,MALE,제주특별자치도,제주시,한림읍 협재리
TWENTIES,FEMALE,제주특별자치도,제주시,한림읍 협재리
TWENTIES,MALE,제주특별자치도,제주시,한림읍 협재리
TWENTIES,FEMALE,제주특별자치도,제주시,한림읍 협재리
TWENTIES,MALE,제주특별자치도,제주시,한림읍 협재리
TWENTIES,FEMALE,제주특별자치도,제주시,한림읍 협재리
TWENTIES,FEMALE,제주특별자치도,제주시,한림읍 협재리
TWENTIES,MALE,제주특별자치도,제주시,한림읍 협재리
TWENTIES,MALE,제주특별자치도,제주시,한림읍 협재리
TWENTIES,MALE,제주특별자치도,제주시,한림읍 협재리
TWENTIES,FEMALE,제주특별자치도,제주시,한림읍 협재리
TWENTIES,FEMALE,제주특별자치도,제주시,한림읍 협재리
TWENTIES,FEMALE,제주특별자치도,제주시,한림읍 협재리
TWENTIES,FEMALE,제주특별자치도,제주시,한림읍 협재리
TWENTIES,MALE,제주특별자치도,제주시,한림읍 협재리
TWENTIES,FEMALE,제주특별자치도,제주시,한림읍 협재리
TWENTIES,MALE,제주특별자치도,제주시,한림읍 협재리
TWENTIES,MALE,제주특별자치도,제주시,한림읍 협재리
TWENTIES,FEMALE,제주특별자치도,제주시,한림읍 협재리
TWENTIES,FEMALE,제주특별자치도,제주시,한림읍 협재리
TWENTIES,MALE,제주특별자치도,제주시,한림읍 협재리
TWENTIES,MALE,제주특별자치도,제주시,한림읍 협재리
TWENTIES,FEMALE,제주특별자치도,제주시,한림읍 협재리
TWENTIES,FEMALE,제주특별자치도,제주시,한림읍 협재리
TWENTIES,FEMALE,제주특별자치도,제주시,한림읍 협재리
TWENTIES,FEMALE,제주특별자치도,제주시,한림읍 협재리
TWENTIES,MALE,제주특별자치도,제주시,한림읍 협재리
TWENTIES,FEMALE,제주특별자치도,제주시,한림읍 협재리
TWENTIES,MALE,제주특별자치도,제주시,한림읍 협재리
TWENTIES,MALE,제주특별자치도,제주시,한림읍 협재리
TWENTIES,FEMALE,제주특별자치도,제주시,한림읍 협재리
TWENTIES,MALE,제주특별자치도,제주시,한림읍 협재리
TWENTIES,MALE,제주특별자치도,제주시,한림읍 협재리
TWENTIES,FEMALE,제주특별자치도,제주시,한림읍 협재리
TWENTIES,FEMALE,제주특별자치도,제주시,한림읍 협재리
TWENTIES,FEMALE,제주특별자치도,제주시,한림읍 협재리
TWENTIES,MALE,제주특별자치도,제주시,한림읍 협재리
TWENTIES,FEMALE,제주특별자치도,제주시,한림읍 협재리
TWENTIES,MALE,제주특별자치도,제주시,한림읍 협재리
TWENTIES,MALE,제주특별자치도,제주시,한림읍 협재리
TWENTIES,FEMALE,제주특별자치도,제주시,한림읍 협재리
TWENTIES,FEMALE,제주특별자치도,제주시,한림읍 협재리
TWENTIES,MALE,제주특별자치도,제주시,한림읍 협재리
TWENTIES,FEMALE,제주특별자치도,제주시,한림읍 협재리
TWENTIES,MALE,제주특별자치도,제주시,한림읍 협재리
TWENTIES,MALE,제주특별자치도,제주시,한림읍 협재리
TWENTIES,MALE,제주특별자치도,제주시,한림읍 협재리
TWENTIES,FEMALE,제주특별자치도,제주시,한림읍 협재리
TWENTIES,MALE,제주특별자치도,제주시,한림읍 협재리
TWENTIES,FEMALE,제주특별자치도,제주시,한림읍 협재리
TWENTIES,FEMALE,제주특별자치도,제주시,한림읍 협재리
TWENTIES,FEMALE,제주특별자치도,제주시,한림읍 협재리
TWENTIES,FEMALE,제주특별자치도,제주시,한림읍 협재리
TWENTIES,MALE,제주특별자치도,제주시,한림읍 협재리
TWENTIES,MALE,제주특별자치도,제주시,한림읍 협재리
TWENTIES,FEMALE,제주특별자치도,제주시,한림읍 협재리
TWENTIES,MALE,제주특별자치도,제주시,한림읍 협재리
TWENTIES,MALE,제주특별자치도,제주시,한림읍 협재리
TWENTIES,MALE,제주특별자치도,제주시,한림읍 협재리
TWENTIES,FEMALE,제주특별자치도,제주시,한림읍 협재리
TWENTIES,MALE,제주특별자치도,제주시,한림읍 협재리
TWENTIES,MALE,제주특별자치도,제주시,한림읍 협재리
TWENTIES,FEMALE,제주특별자치도,제주시,한림읍 협재리
TWENTIES,MALE,제주특별자치도,제주시,한림읍 협재리
TWENTIES,FEMALE,제주특별자치도,제주시,한림읍 협재리
TWENTIES,MALE,제주특별자치도,제주시,한림읍 협재리
TWENTIES,MALE,제주특별자치도,제주시,한림읍 협재리
TWENTIES,MALE,제주특별자치도,제주시,한림읍 협재리
TWENTIES,FEMALE,제주특별자치도,제주시,한림읍 협재리
TWENTIES,FEMALE,제주특별자치도,제주시,한림읍 협재리
TWENTIES,MALE,제주특별자치도,제주시,한림읍 협재리
TWENTIES,MALE,제주특별자치도,제주시,한림읍 협재리
TWENTIES,MALE,제주특별자치도,제주시,한림읍 협재리
TWENTIES,FEMALE,제주특별자치도,제주시,한림읍 협재리
TWENTIES,MALE,제주특별자치도,제주시,한림읍 협재리
TWENTIES,FEMALE,제주특별자치도,제주시,한림읍 협재리
TWENTIES,FEMALE,제주특별자치도,제주시,한림읍 협재리
TWENTIES,FEMALE,제주특별자치도,제주시,한림읍 협재리
TWENTIES,FEMALE,제주특별자치도,제주시,한림읍 협재리
TWENTIES,MALE,제주특별자치도,제주시,한림읍 협재리
TWENTIES,MALE,제주특별자치도,제주시,한림읍 협재리
TWENTIES,MALE,제주특별자치도,제주시,한림읍 협재리
TWENTIES,MALE,제주특별자치도,제주시,한림읍 협재리
TWENTIES,FEMALE,제주특별자치도,제주시,한림읍 협재리
TWENTIES,FEMALE,제주특별자치도,제주시,한림읍 협재리
TWENTIES,MALE,제주특별자치도,제주시,한림읍 협재리
TWENTIES,MALE,제주특별자치도,제주시,한림읍 협재리
TWENTIES,FEMALE,제주특별자치도,제주시,한림읍 협재리
TWENTIES,MALE,제주특별자치도,제주시,한림읍 협재리
TWENTIES,MALE,제주특별자치도,제주시,한림읍 협재리
TWENTIES,FEMALE,제주특별자치도,제주시,한림읍 협재리
TWENTIES,FEMALE,제주특별자치도,제주시,한림읍 협재리
TWENTIES,MALE,제주특별자치도,제주시,한림읍 협재리
TWENTIES,FEMALE,제주특별자치도,제주시,한림읍 협재리
TWENTIES,MALE,제주특별자치도,제주시,한림읍 협재리
TWENTIES,FEMALE,제주특별자치도,제주시,한림읍 협재리
TWENTIES,FEMALE,제주특별자치도,제주시,한림읍 협재리
TWENTIES,MALE,제주특별자치도,제주시,한림읍 협재리
TWENTIES,FEMALE,제주특별자치도,제주시,한림읍 협재리
TWENTIES,MALE,제주특별자치도,제주시,한림읍 협재리
TWENTIES,MALE,제주특별자치도,제주시,한림읍 협재리
TWENTIES,MALE,제주특별자치도,제주시,한림읍 협재리
TWENTIES,FEMALE,제주특별자치도,제주시,한림읍 협재리
TWENTIES,FEMALE,제주특별자치도,제주시,한림읍 협재리
TWENTIES,MALE,제주특별자치도,제주시,한림읍 협재리
TWENTIES,MALE,제주특별자치도,제주시,한림읍 협재리
TWENTIES,FEMALE,제주특별자치도,제주시,한림읍 협재리
TWENTIES,MALE,제주특별자치도,제주시,한림읍 협재리
TWENTIES,FEMALE,제주특별자치도,제주시,한림읍 협재리
TWENTIES,MALE,제주특별자치도,제주시,한림읍 협재리
TWENTIES,MALE,제주특별자치도,제주시,한림읍 협재리
TWENTIES,MALE,제주특별자치도,제주시,한림읍 협재리
TWENTIES,MALE,제주특별자치도,제주시,한림읍 협재리
TWENTIES,FEMALE,제주특별자치도,제주시,한림읍 협재리
TWENTIES,MALE,제주특별자치도,제주시,한림읍 협재리
TWENTIES,FEMALE,제주특별자치도,제주시,한림읍 협재리
TWENTIES,MALE,제주특별자치도,제주시,한림읍 협재리
TWENTIES,FEMALE,제주특별자치도,제주시,한림읍 협재리
TWENTIES,MALE,제주특별자치도,제주시,한림읍 협재리
TWENTIES,FEMALE,제주특별자치도,제주시,한림읍 협재리
TWENTIES,FEMALE,제주특별자치도,제주시,한림읍 협재리
TWENTIES,FEMALE,제주특별자치도,제주시,한림읍 협재리
TWENTIES,MALE,제주특별자치도,제주시,한림읍 협재리
TWENTIES,FEMALE,제주특별자치도,제주시,한림읍 협재리
TWENTIES,FEMALE,제주특별자치도,제주시,한림읍 협재리
TWENTIES,MALE,제주특별자치도,제주시,한림읍 협재리
TWENTIES,MALE,제주특별자치도,제주시,한림읍 협재리
TWENTIES,MALE,제주특별자치도,제주시,한림읍 협재리
TWENTIES,FEMALE,제주특별자치도,제주시,한림읍 협재리
TWENTIES,FEMALE,경북,포항시 북구,두호동
TWENTIES,FEMALE,경북,경주시,진현동
TWENTIES,MALE,경북,경주시,진현동
TWENTIES,MALE,경북,포항시 북구,두호동
TWENTIES,MALE,경북,경주시,진현동
TWENTIES,MALE,경북,경주시,진현동
TWENTIES,FEMALE,경북,포항시 북구,두호동
TWENTIES,MALE,경북,경주시,진현동
TWENTIES,MALE,경북,경주시,진현동
TWENTIES,FEMALE,경북,포항시 북구,두호동
TWENTIES,FEMALE,경북,포항시 북구,두호동
TWENTIES,MALE,경북,포항시 북구,두호동
TWENTIES,FEMALE,경북,포항시 북구,두호동
TWENTIES,MALE,경북,경주시,진현동
TWENTIES,MALE,경북,포항시 북구,두호동
TWENTIES,MALE,경북,포항시 북구,두호동
TWENTIES,FEMALE,경북,포항시 북구,두호동
TWENTIES,FEMALE,경북,경주시,진현동
TWENTIES,FEMALE,경북,경주시,진현동
TWENTIES,MALE,경북,경주시,진현동
TWENTIES,FEMALE,경북,포항시 북구,두호동
TWENTIES,FEMALE,경북,포항시 북구,두호동
TWENTIES,MALE,경북,포항시 북구,두호동
TWENTIES,FEMALE,경북,경주시,진현동
TWENTIES,MALE,경북,포항시 북구,두호동
TWENTIES,FEMALE,경북,경주시,진현동
TWENTIES,MALE,경북,포항시 북구,두호동
TWENTIES,MALE,경북,포항시 북구,두호동
TWENTIES,FEMALE,경북,경주시,진현동
TWENTIES,MALE,경북,경주시,진현동
TWENTIES,FEMALE,경북,경주시,진현동
TWENTIES,MALE,경북,경주시,진현동
TWENTIES,MALE,경북,경주시,진현동
TWENTIES,FEMALE,경북,경주시,진현동
TWENTIES,FEMALE,경북,포항시 북구,두호동
TWENTIES,FEMALE,경북,경주시,진현동
TWENTIES,FEMALE,경북,포항시 북구,두호동
TWENTIES,FEMALE,경북,포항시 북구,두호동
TWENTIES,MALE,경북,경주시,진현동
TWENTIES,MALE,경북,포항시 북구,두호동
TWENTIES,FEMALE,경북,경주시,진현동
TWENTIES,MALE,경북,포항시 북구,두호동
TWENTIES,MALE,경북,포항시 북구,두호동
TWENTIES,FEMALE,경북,포항시 북구,두호동
TWENTIES,MALE,경북,경주시,진현동
TWENTIES,FEMALE,경북,포항시 북구,두호동
TWENTIES,FEMALE,경북,포항시 북구,두호동
TWENTIES,MALE,경북,경주시,진현동
TWENTIES,MALE,경북,경주시,진현동
TWENTIES,FEMALE,경북,경주시,진현동
TWENTIES,FEMALE,경북,포항시 북구,두호동
TWENTIES,FEMALE,경북,경주시,진현동
TWENTIES,MALE,경북,포항시 북구,두호동
TWENTIES,FEMALE,경북,포항시 북구,두호동
TWENTIES,FEMALE,경북,경주시,진현동
TWENTIES,MALE,경북,경주시,진현동
TWENTIES,MALE,경북,포항시 북구,두호동
TWENTIES,MALE,경북,경주시,진현동
TWENTIES,MALE,경북,경주시,진현동
TWENTIES,MALE,경북,경주시,진현동
TWENTIES,MALE,경북,경주시,진현동
TWENTIES,FEMALE,경북,포항시 북구,두호동
TWENTIES,MALE,경북,경주시,진현동
TWENTIES,MALE,경북,경주시,진현동
TWENTIES,MALE,경북,경주시,진현동
TWENTIES,FEMALE,경북,경주시,진현동
TWENTIES,MALE,경북,경주시,진현동
TWENTIES,MALE,경북,경주시,진현동
TWENTIES,FEMALE,경북,경주시,진현동
TWENTIES,MALE,경북,경주시,진현동
TWENTIES,MALE,경북,포항시 북구,두호동
TWENTIES,MALE,경북,경주시,진현동
TWENTIES,MALE,경북,포항시 북구,두호동
TWENTIES,FEMALE,경북,경주시,진현동
TWENTIES,MALE,경북,포항시 북구,두호동
TWENTIES,FEMALE,경북,포항시 북구,두호동
TWENTIES,FEMALE,경북,포항시 북구,두호동
TWENTIES,FEMALE,경북,포항시 북구,두호동
TWENTIES,FEMALE,경북,경주시,진현동
TWENTIES,FEMALE,경북,경주시,진현동
TWENTIES,MALE,경북,경주시,진현동
TWENTIES,FEMALE,경북,포항시 북구,두호동
TWENTIES,MALE,경북,포항시 북구,두호동
TWENTIES,FEMALE,경북,포항시 북구,두호동
TWENTIES,FEMALE,경북,경주시,진현동
TWENTIES,MALE,경북,경주시,진현동
TWENTIES,MALE,경북,포항시 북구,두호동
TWENTIES,FEMALE,경북,경주시,진현동
TWENTIES,MALE,경북,경주시,진현동
TWENTIES,FEMALE,경북,포항시 북구,두호동
TWENTIES,MALE,경북,경주시,진현동
TWENTIES,FEMALE,경북,경주시,진현동
TWENTIES,FEMALE,경북,경주시,진현동
TWENTIES,FEMALE,경북,경주시,진현동
TWENTIES,FEMALE,경북,경주시,진현동
TWENTIES,FEMALE,경북,경주시,진현동
TWENTIES,FEMALE,경북,포항시 북구,두호동
TWENTIES,FEMALE,경북,경주시,진현동
TWENTIES,MALE,경북,포항시 북구,두호동
TWENTIES,MALE,경북,포항시 북구,두호동
TWENTIES,MALE,경북,포항시 북구,두호동
TWENTIES,FEMALE,경북,포항시 북구,두호동
TWENTIES,FEMALE,경북,경주시,진현동
TWENTIES,FEMALE,경북,포항시 북구,두호동
TWENTIES,FEMALE,경북,경주시,진현동
TWENTIES,FEMALE,경북,경주시,진현동
TWENTIES,MALE,경북,포항시 북구,두호동
TWENTIES,MALE,경북,포항시 북구,두호동
TWENTIES,FEMALE,경북,경주시,진현동
TWENTIES,MALE,경북,경주시,진현동
TWENTIES,MALE,경북,경주시,진현동
TWENTIES,MALE,경북,포항시 북구,두호동
TWENTIES,MALE,경북,경주시,진현동
TWENTIES,MALE,경북,포항시 북구,두호동
TWENTIES,MALE,경북,경주시,진현동
TWENTIES,MALE,경북,경주시,진현동
TWENTIES,FEMALE,경북,경주시,진현동
TWENTIES,MALE,경북,포항시 북구,두호동
TWENTIES,FEMALE,경북,포항시 북구,두호동
TWENTIES,MALE,경북,경주시,진현동
TWENTIES,MALE,경북,포항시 북구,두호동
TWENTIES,MALE,경북,경주시,진현동
TWENTIES,FEMALE,경북,포항시 북구,두호동
TWENTIES,FEMALE,경북,포항시 북구,두호동
TWENTIES,MALE,경북,경주시,진현동
TWENTIES,FEMALE,경북,경주시,진현동
TWENTIES,FEMALE,경북,포항시 북구,두호동
TWENTIES,FEMALE,경북,경주시,진현동
TWENTIES,MALE,경북,경주시,진현동
TWENTIES,MALE,경북,포항시 북구,두호동
TWENTIES,MALE,경북,포항시 북구,두호동
TWENTIES,MALE,경북,경주시,진현동
TWENTIES,FEMALE,경북,경주시,진현동
TWENTIES,MALE,경북,포항시 북구,두호동
TWENTIES,MALE,경북,포항시 북구,두호동
TWENTIES,MALE,경북,경주시,진현동
TWENTIES,MALE,경북,포항시 북구,두호동
TWENTIES,MALE,경북,경주시,진현동
TWENTIES,FEMALE,경북,포항시 북구,두호동
TWENTIES,FEMALE,경북,경주시,진현동
TWENTIES,MALE,경북,경주시,진현동
TWENTIES,FEMALE,경북,경주시,진현동
TWENTIES,MALE,경북,경주시,진현동
TWENTIES,FEMALE,경북,경주시,진현동
TWENTIES,MALE,경북,경주시,진현동
TWENTIES,MALE,경북,포항시 북구,두호동
TWENTIES,MALE,경북,경주시,진현동
TWENTIES,FEMALE,경북,포항시 북구,두호동
TWENTIES,FEMALE,경북,포항시 북구,두호동
TWENTIES,FEMALE,경북,경주시,진현동
TWENTIES,MALE,경북,포항시 북구,두호동
TWENTIES,MALE,경북,포항시 북구,두호동
TWENTIES,MALE,경북,경주시,진현동
TWENTIES,MALE,경북,경주시,진현동
TWENTIES,MALE,경북,포항시 북구,두호동
TWENTIES,FEMALE,경북,경주시,진현동
TWENTIES,MALE,경북,경주시,진현동
TWENTIES,MALE,경북,포항시 북구,두호동
TWENTIES,MALE,경북,경주시,진현동
TWENTIES,MALE,경북,경주시,진현동
TWENTIES,MALE,대구,중구,동성로2가
TWENTIES,FEMALE,대구,달서구,두류동
TWENTIES,MALE,대구,달서구,두류동
TWENTIES,FEMALE,대구,중구,동성로2가
TWENTIES,FEMALE,대구,달서구,두류동
TWENTIES,MALE,대구,중구,동성로2가
TWENTIES,MALE,대구,중구,동성로2가
TWENTIES,FEMALE,대구,중구,동성로2가
TWENTIES,FEMALE,대구,달서구,두류동
TWENTIES,FEMALE,대구,중구,동성로2가
TWENTIES,MALE,대구,중구,동성로2가
TWENTIES,FEMALE,대구,달서구,두류동
TWENTIES,MALE,대구,달서구,두류동
TWENTIES,MALE,대구,달서구,두류동
TWENTIES,MALE,대구,중구,동성로2가
TWENTIES,FEMALE,대구,달서구,두류동
TWENTIES,MALE,대구,중구,동성로2가
TWENTIES,MALE,대구,달서구,두류동
TWENTIES,FEMALE,대구,중구,동성로2가
TWENTIES,MALE,대구,달서구,두류동
TWENTIES,FEMALE,대구,달서구,두류동
TWENTIES,FEMALE,대구,달서구,두류동
TWENTIES,MALE,대구,달서구,두류동
TWENTIES,FEMALE,대구,달서구,두류동
TWENTIES,MALE,대구,달서구,두류동
TWENTIES,FEMALE,대구,중구,동성로2가
TWENTIES,FEMALE,대구,달서구,두류동
TWENTIES,FEMALE,대구,달서구,두류동
TWENTIES,MALE,대구,중구,동성로2가
TWENTIES,FEMALE,대구,달서구,두류동
TWENTIES,MALE,대구,달서구,두류동
TWENTIES,MALE,대구,달서구,두류동
TWENTIES,FEMALE,대구,중구,동성로2가
TWENTIES,MALE,대구,중구,동성로2가
TWENTIES,FEMALE,대구,중구,동성로2가
TWENTIES,MALE,대구,중구,동성로2가
TWENTIES,FEMALE,대구,달서구,두류동
TWENTIES,MALE,대구,중구,동성로2가
TWENTIES,MALE,대구,중구,동성로2가
TWENTIES,MALE,대구,중구,동성로2가
TWENTIES,FEMALE,대구,중구,동성로2가
TWENTIES,MALE,대구,달서구,두류동
TWENTIES,FEMALE,대구,달서구,두류동
TWENTIES,MALE,대구,달서구,두류동
TWENTIES,FEMALE,대구,달서구,두류동
TWENTIES,FEMALE,대구,달서구,두류동
TWENTIES,FEMALE,대구,중구,동성로2가
TWENTIES,MALE,대구,중구,동성로2가
TWENTIES,FEMALE,대구,중구,동성로2가
TWENTIES,FEMALE,대구,중구,동성로2가
TWENTIES,FEMALE,대구,중구,동성로2가
TWENTIES,FEMALE,대구,중구,동성로2가
TWENTIES,MALE,대구,중구,동성로2가
TWENTIES,FEMALE,대구,달서구,두류동
TWENTIES,MALE,대구,달서구,두류동
TWENTIES,MALE,대구,달서구,두류동
TWENTIES,FEMALE,대구,달서구,두류동
TWENTIES,FEMALE,대구,중구,동성로2가
TWENTIES,FEMALE,대구,중구,동성로2가
TWENTIES,MALE,대구,달서구,두류동
TWENTIES,MALE,대구,달서구,두류동
TWENTIES,FEMALE,대구,달서구,두류동
TWENTIES,FEMALE,대구,달서구,두류동
TWENTIES,MALE,대구,중구,동성로2가
TWENTIES,MALE,대구,중구,동성로2가
TWENTIES,FEMALE,대구,중구,동성로2가
TWENTIES,FEMALE,대구,중구,동성로2가
TWENTIES,MALE,대구,중구,동성로2가
TWENTIES,FEMALE,대구,달서구,두류동
TWENTIES,MALE,대구,중구,동성로2가
TWENTIES,FEMALE,대구,중구,동성로2가
TWENTIES,MALE,대구,달서구,두류동
TWENTIES,FEMALE,대구,중구,동성로2가
TWENTIES,FEMALE,대구,중구,동성로2가
TWENTIES,FEMALE,대구,중구,동성로2가
TWENTIES,FEMALE,대구,중구,동성로2가
TWENTIES,MALE,대구,달서구,두류동
TWENTIES,FEMALE,대구,중구,동성로2가
TWENTIES,FEMALE,대구,중구,동성로2가
TWENTIES,MALE,대구,중구,동성로2가
TWENTIES,FEMALE,대구,달서구,두류동
TWENTIES,MALE,대구,중구,동성로2가
TWENTIES,FEMALE,대구,중구,동성로2가
TWENTIES,MALE,대구,중구,동성로2가
TWENTIES,MALE,대구,달서구,두류동
TWENTIES,MALE,대구,중구,동성로2가
TWENTIES,FEMALE,대구,달서구,두류동
TWENTIES,MALE,대구,달서구,두류동
TWENTIES,FEMALE,대구,중구,동성로2가
TWENTIES,FEMALE,대구,중구,동성로2가
TWENTIES,FEMALE,대구,중구,동성로2가
TWENTIES,FEMALE,대구,달서구,두류동
TWENTIES,FEMALE,대구,달서구,두류동
TWENTIES,MALE,대구,중구,동성로2가
TWENTIES,MALE,대구,달서구,두류동
TWENTIES,FEMALE,대구,달서구,두류동
TWENTIES,FEMALE,대구,달서구,두류동
TWENTIES,FEMALE,대구,달서구,두류동
TWENTIES,MALE,대구,중구,동성로2가
TWENTIES,MALE,대구,중구,동성로2가
TWENTIES,FEMALE,대구,중구,동성로2가
TWENTIES,MALE,대구,중구,동성로2가
TWENTIES,FEMALE,대구,중구,동성로2가
TWENTIES,MALE,대구,달서구,두류동
TWENTIES,FEMALE,대구,중구,동성로2가
TWENTIES,MALE,대구,달서구,두류동
TWENTIES,FEMALE,대구,중구,동성로2가
TWENTIES,FEMALE,대구,달서구,두류동
TWENTIES,FEMALE,대구,중구,동성로2가
TWENTIES,FEMALE,대구,중구,동성로2가
TWENTIES,FEMALE,대구,중구,동성로2가
TWENTIES,MALE,대구,중구,동성로2가
TWENTIES,MALE,대구,중구,동성로2가
TWENTIES,FEMALE,대구,달서구,두류동
TWENTIES,FEMALE,대구,달서구,두류동
TWENTIES,MALE,대구,달서구,두류동
TWENTIES,MALE,대구,중구,동성로2가
TWENTIES,FEMALE,대구,달서구,두류동
TWENTIES,FEMALE,대구,달서구,두류동
TWENTIES,MALE,대구,달서구,두류동
TWENTIES,MALE,대구,달서구,두류동
TWENTIES,FEMALE,대구,중구,동성로2가
TWENTIES,FEMALE,대구,중구,동성로2가
TWENTIES,MALE,대구,달서구,두류동
TWENTIES,FEMALE,대구,달서구,두류동
TWENTIES,MALE,대구,달서구,두류동
TWENTIES,MALE,대구,달서구,두류동
TWENTIES,FEMALE,대구,달서구,두류동
TWENTIES,FEMALE,대구,달서구,두류동
TWENTIES,MALE,대구,달서구,두류동
TWENTIES,FEMALE,대구,중구,동성로2가
TWENTIES,FEMALE,대구,달서구,두류동
TWENTIES,MALE,대구,달서구,두류동
TWENTIES,FEMALE,대구,중구,동성로2가
TWENTIES,FEMALE,대구,달서구,두류동
TWENTIES,MALE,대구,중구,동성로2가
TWENTIES,FEMALE,대구,중구,동성로2가
TWENTIES,FEMALE,대구,중구,동성로2가
TWENTIES,FEMALE,대구,중구,동성로2가
TWENTIES,FEMALE,대구,중구,동성로2가
TWENTIES,FEMALE,대구,중구,동성로2가
TWENTIES,FEMALE,대구,중구,동성로2가
TWENTIES,MALE,대구,중구,동성로2가
TWENTIES,MALE,대구,달서구,두류동
TWENTIES,FEMALE,대구,중구,동성로2가
TWENTIES,FEMALE,대구,달서구,두류동
TWENTIES,MALE,대구,달서구,두류동
TWENTIES,MALE,대구,중구,동성로2가
TWENTIES,MALE,대구,중구,동성로2가
TWENTIES,FEMALE,대구,중구,동성로2가
TWENTIES,MALE,대구,중구,동성로2가
TWENTIES,FEMALE,대구,달서구,두류동
TWENTIES,FEMALE,대구,중구,동성로2가
TWENTIES,MALE,대구,중구,동성로2가
TWENTIES,FEMALE,대구,달서구,두류동
TWENTIES,MALE,대구,중구,동성로2가
TWENTIES,FEMALE,대구,달서구,두류동
TWENTIES,MALE,대구,중구,동성로2가
TWENTIES,MALE,대구,중구,동성로2가
TWENTIES,MALE,대구,중구,동성로2가
TWENTIES,MALE,울산,중구,태화동
TWENTIES,FEMALE,울산,중구,태화동
TWENTIES,FEMALE,울산,중구,태화동
TWENTIES,FEMALE,울산,중구,태화동
TWENTIES,MALE,울산,중구,태화동
TWENTIES,MALE,울산,중구,태화동
TWENTIES,FEMALE,울산,중구,태화동
TWENTIES,FEMALE,울산,중구,태화동
TWENTIES,FEMALE,울산,중구,태화동
TWENTIES,FEMALE,울산,중구,태화동
TWENTIES,MALE,울산,중구,태화동
TWENTIES,MALE,울산,중구,태화동
TWENTIES,MALE,울산,중구,태화동
TWENTIES,MALE,울산,중구,태화동
TWENTIES,FEMALE,울산,중구,태화동
TWENTIES,FEMALE,울산,중구,태화동
TWENTIES,FEMALE,울산,중구,태화동
TWENTIES,FEMALE,울산,중구,태화동
TWENTIES,FEMALE,울산,중구,태화동
TWENTIES,FEMALE,울산,중구,태화동
TWENTIES,FEMALE,울산,중구,태화동
TWENTIES,MALE,울산,중구,태화동
TWENTIES,MALE,울산,중구,태화동
TWENTIES,MALE,울산,중구,태화동
TWENTIES,FEMALE,울산,중구,태화동
TWENTIES,FEMALE,울산,중구,태화동
TWENTIES,MALE,울산,중구,태화동
TWENTIES,MALE,울산,중구,태화동
TWENTIES,MALE,울산,중구,태화동
TWENTIES,FEMALE,울산,중구,태화동
TWENTIES,MALE,울산,중구,태화동
TWENTIES,MALE,울산,중구,태화동
TWENTIES,MALE,울산,중구,태화동
TWENTIES,FEMALE,울산,중구,태화동
TWENTIES,MALE,울산,중구,태화동
TWENTIES,MALE,울산,중구,태화동
TWENTIES,FEMALE,울산,중구,태화동
TWENTIES,FEMALE,울산,중구,태화동
TWENTIES,FEMALE,울산,중구,태화동
TWENTIES,MALE,울산,중구,태화동
TWENTIES,FEMALE,울산,중구,태화동
TWENTIES,MALE,울산,중구,태화동
TWENTIES,FEMALE,울산,중구,태화동
TWENTIES,FEMALE,울산,중구,태화동
TWENTIES,MALE,울산,중구,태화동
TWENTIES,MALE,울산,중구,태화동
TWENTIES,MALE,울산,중구,태화동
TWENTIES,MALE,울산,중구,태화동
TWENTIES,FEMALE,울산,중구,태화동
TWENTIES,FEMALE,울산,중구,태화동
TWENTIES,MALE,울산,중구,태화동
TWENTIES,MALE,울산,중구,태화동
TWENTIES,FEMALE,울산,중구,태화동
TWENTIES,MALE,울산,중구,태화동
TWENTIES,MALE,울산,중구,태화동
TWENTIES,FEMALE,울산,중구,태화동
TWENTIES,MALE,울산,중구,태화동
TWENTIES,MALE,울산,중구,태화동
TWENTIES,FEMALE,울산,중구,태화동
TWENTIES,MALE,울산,중구,태화동
TWENTIES,MALE,울산,중구,태화동
TWENTIES,MALE,울산,중구,태화동
TWENTIES,MALE,울산,중구,태화동
TWENTIES,FEMALE,울산,중구,태화동
TWENTIES,FEMALE,울산,중구,태화동
TWENTIES,FEMALE,울산,중구,태화동
TWENTIES,FEMALE,울산,중구,태화동
TWENTIES,MALE,울산,중구,태화동
TWENTIES,MALE,울산,중구,태화동
TWENTIES,FEMALE,울산,중구,태화동
TWENTIES,FEMALE,울산,중구,태화동
TWENTIES,FEMALE,울산,중구,태화동
TWENTIES,MALE,울산,중구,태화동
TWENTIES,MALE,울산,중구,태화동
TWENTIES,MALE,울산,중구,태화동
TWENTIES,MALE,울산,중구,태화동
TWENTIES,FEMALE,울산,중구,태화동
TWENTIES,MALE,울산,중구,태화동
TWENTIES,FEMALE,울산,중구,태화동
TWENTIES,MALE,울산,중구,태화동
TWENTIES,MALE,울산,중구,태화동
TWENTIES,MALE,울산,중구,태화동
TWENTIES,FEMALE,울산,중구,태화동
TWENTIES,MALE,울산,중구,태화동
TWENTIES,FEMALE,울산,중구,태화동
TWENTIES,MALE,울산,중구,태화동
TWENTIES,FEMALE,울산,중구,태화동
TWENTIES,FEMALE,울산,중구,태화동
TWENTIES,MALE,울산,중구,태화동
TWENTIES,FEMALE,울산,중구,태화동
TWENTIES,MALE,울산,중구,태화동
TWENTIES,FEMALE,울산,중구,태화동
TWENTIES,MALE,울산,중구,태화동
TWENTIES,FEMALE,울산,중구,태화동
TWENTIES,FEMALE,울산,중구,태화동
TWENTIES,MALE,울산,중구,태화동
TWENTIES,MALE,울산,중구,태화동
TWENTIES,MALE,울산,중구,태화동
TWENTIES,MALE,울산,중구,태화동
TWENTIES,MALE,울산,중구,태화동
TWENTIES,MALE,울산,중구,태화동
TWENTIES,FEMALE,울산,중구,태화동
TWENTIES,FEMALE,울산,중구,태화동
TWENTIES,MALE,울산,중구,태화동
TWENTIES,FEMALE,울산,중구,태화동
TWENTIES,FEMALE,울산,중구,태화동
TWENTIES,FEMALE,울산,중구,태화동
TWENTIES,FEMALE,울산,중구,태화동
TWENTIES,FEMALE,울산,중구,태화동
TWENTIES,MALE,울산,중구,태화동
TWENTIES,MALE,울산,중구,태화동
TWENTIES,MALE,울산,중구,태화동
TWENTIES,MALE,울산,중구,태화동
TWENTIES,FEMALE,울산,중구,태화동
TWENTIES,MALE,울산,중구,태화동
TWENTIES,FEMALE,울산,중구,태화동
TWENTIES,FEMALE,울산,중구,태화동
TWENTIES,FEMALE,울산,중구,태화동
TWENTIES,MALE,울산,중구,태화동
TWENTIES,MALE,울산,중구,태화동
TWENTIES,FEMALE,울산,중구,태화동
TWENTIES,MALE,울산,중구,태화동
TWENTIES,FEMALE,울산,중구,태화동
TWENTIES,MALE,울산,중구,태화동
TWENTIES,FEMALE,울산,중구,태화동
TWENTIES,MALE,울산,중구,태화동
TWENTIES,MALE,울산,중구,태화동
TWENTIES,FEMALE,울산,중구,태화동
TWENTIES,FEMALE,울산,중구,태화동
TWENTIES,MALE,울산,중구,태화동
TWENTIES,FEMALE,울산,중구,태화동
TWENTIES,MALE,울산,중구,태화동
TWENTIES,FEMALE,울산,중구,태화동
TWENTIES,MALE,울산,중구,태화동
TWENTIES,MALE,울산,중구,태화동
TWENTIES,MALE,울산,중구,태화동
TWENTIES,FEMALE,울산,중구,태화동
TWENTIES,FEMALE,울산,중구,태화동
TWENTIES,FEMALE,울산,중구,태화동
TWENTIES,FEMALE,울산,중구,태화동
TWENTIES,MALE,울산,중구,태화동
TWENTIES,FEMALE,울산,중구,태화동
TWENTIES,MALE,울산,중구,태화동
TWENTIES,FEMALE,울산,중구,태화동
TWENTIES,FEMALE,울산,중구,태화동
TWENTIES,MALE,울산,중구,태화동
TWENTIES,FEMALE,울산,중구,태화동
TWENTIES,MALE,울산,중구,태화동
TWENTIES,FEMALE,울산,중구,태화동
TWENTIES,FEMALE,울산,중구,태화동
TWENTIES,MALE,울산,중구,태화동
TWENTIES,MALE,울산,중구,태화동
TWENTIES,MALE,울산,중구,태화동
TWENTIES,FEMALE,울산,중구,태화동
TWENTIES,FEMALE,울산,중구,태화동
TWENTIES,FEMALE,울산,중구,태화동
TWENTIES,FEMALE,울산,중구,태화동
TWENTIES,FEMALE,울산,중구,태화동
TWENTIES,MALE,울산,중구,태화동
TWENTIES,MALE,울산,중구,태화동
TWENTIES,FEMALE,전북특별자치도,전주시 완산구,풍남동3가
TWENTIES,FEMALE,전북특별자치도,전주시 완산구,풍남동3가
TWENTIES,FEMALE,전북특별자치도,전주시 완산구,풍남동3가
TWENTIES,MALE,전북특별자치도,전주시 완산구,풍남동3가
TWENTIES,MALE,전북특별자치도,전주시 완산구,풍남동3가
TWENTIES,FEMALE,전북특별자치도,전주시 완산구,풍남동3가
TWENTIES,FEMALE,전북특별자치도,전주시 완산구,풍남동3가
TWENTIES,MALE,전북특별자치도,전주시 완산구,풍남동3가
TWENTIES,MALE,전북특별자치도,전주시 완산구,풍남동3가
TWENTIES,MALE,전북특별자치도,전주시 완산구,풍남동3가
TWENTIES,FEMALE,전북특별자치도,전주시 완산구,풍남동3가
TWENTIES,FEMALE,전북특별자치도,전주시 완산구,풍남동3가
TWENTIES,MALE,전북특별자치도,전주시 완산구,풍남동3가
TWENTIES,MALE,전북특별자치도,전주시 완산구,풍남동3가
TWENTIES,FEMALE,전북특별자치도,전주시 완산구,풍남동3가
TWENTIES,MALE,전북특별자치도,전주시 완산구,풍남동3가
TWENTIES,MALE,전북특별자치도,전주시 완산구,풍남동3가
TWENTIES,FEMALE,전북특별자치도,전주시 완산구,풍남동3가
TWENTIES,MALE,전북특별자치도,전주시 완산구,풍남동3가
TWENTIES,FEMALE,전북특별자치도,전주시 완산구,풍남동3가
TWENTIES,FEMALE,전북특별자치도,전주시 완산구,풍남동3가
TWENTIES,MALE,전북특별자치도,전주시 완산구,풍남동3가
TWENTIES,FEMALE,전북특별자치도,전주시 완산구,풍남동3가
TWENTIES,MALE,전북특별자치도,전주시 완산구,풍남동3가
TWENTIES,MALE,전북특별자치도,전주시 완산구,풍남동3가
TWENTIES,FEMALE,전북특별자치도,전주시 완산구,풍남동3가
TWENTIES,FEMALE,전북특별자치도,전주시 완산구,풍남동3가
TWENTIES,FEMALE,전북특별자치도,전주시 완산구,풍남동3가
TWENTIES,MALE,전북특별자치도,전주시 완산구,풍남동3가
TWENTIES,MALE,전북특별자치도,전주시 완산구,풍남동3가
TWENTIES,FEMALE,전북특별자치도,전주시 완산구,풍남동3가
TWENTIES,MALE,전북특별자치도,전주시 완산구,풍남동3가
TWENTIES,MALE,전북특별자치도,전주시 완산구,풍남동3가
TWENTIES,MALE,전북특별자치도,전주시 완산구,풍남동3가
TWENTIES,MALE,전북특별자치도,전주시 완산구,풍남동3가
TWENTIES,MALE,전북특별자치도,전주시 완산구,풍남동3가
TWENTIES,MALE,전북특별자치도,전주시 완산구,풍남동3가
TWENTIES,FEMALE,전북특별자치도,전주시 완산구,풍남동3가
TWENTIES,FEMALE,전북특별자치도,전주시 완산구,풍남동3가
TWENTIES,MALE,전북특별자치도,전주시 완산구,풍남동3가
TWENTIES,MALE,전북특별자치도,전주시 완산구,풍남동3가
TWENTIES,FEMALE,전북특별자치도,전주시 완산구,풍남동3가
TWENTIES,FEMALE,전북특별자치도,전주시 완산구,풍남동3가
TWENTIES,MALE,전북특별자치도,전주시 완산구,풍남동3가
TWENTIES,MALE,전북특별자치도,전주시 완산구,풍남동3가
TWENTIES,FEMALE,전북특별자치도,전주시 완산구,풍남동3가
TWENTIES,MALE,전북특별자치도,전주시 완산구,풍남동3가
TWENTIES,MALE,전북특별자치도,전주시 완산구,풍남동3가
TWENTIES,MALE,전북특별자치도,전주시 완산구,풍남동3가
TWENTIES,MALE,전북특별자치도,전주시 완산구,풍남동3가
TWENTIES,MALE,전북특별자치도,전주시 완산구,풍남동3가
TWENTIES,MALE,전북특별자치도,전주시 완산구,풍남동3가
TWENTIES,FEMALE,전북특별자치도,전주시 완산구,풍남동3가
TWENTIES,MALE,전북특별자치도,전주시 완산구,풍남동3가
TWENTIES,MALE,전북특별자치도,전주시 완산구,풍남동3가
TWENTIES,MALE,전북특별자치도,전주시 완산구,풍남동3가
TWENTIES,MALE,전북특별자치도,전주시 완산구,풍남동3가
TWENTIES,MALE,전북특별자치도,전주시 완산구,풍남동3가
TWENTIES,MALE,전북특별자치도,전주시 완산구,풍남동3가
TWENTIES,MALE,전북특별자치도,전주시 완산구,풍남동3가
TWENTIES,FEMALE,전북특별자치도,전주시 완산구,풍남동3가
TWENTIES,FEMALE,전북특별자치도,전주시 완산구,풍남동3가
TWENTIES,MALE,전북특별자치도,전주시 완산구,풍남동3가
TWENTIES,MALE,전북특별자치도,전주시 완산구,풍남동3가
TWENTIES,MALE,전북특별자치도,전주시 완산구,풍남동3가
TWENTIES,MALE,전북특별자치도,전주시 완산구,풍남동3가
TWENTIES,MALE,전북특별자치도,전주시 완산구,풍남동3가
TWENTIES,FEMALE,전북특별자치도,전주시 완산구,풍남동3가
TWENTIES,MALE,전북특별자치도,전주시 완산구,풍남동3가
TWENTIES,MALE,전북특별자치도,전주시 완산구,풍남동3가
TWENTIES,FEMALE,전북특별자치도,전주시 완산구,풍남동3가
TWENTIES,MALE,전북특별자치도,전주시 완산구,풍남동3가
TWENTIES,MALE,전북특별자치도,전주시 완산구,풍남동3가
TWENTIES,MALE,전북특별자치도,전주시 완산구,풍남동3가
TWENTIES,MALE,전북특별자치도,전주시 완산구,풍남동3가
TWENTIES,FEMALE,전북특별자치도,전주시 완산구,풍남동3가
TWENTIES,FEMALE,전북특별자치도,전주시 완산구,풍남동3가
TWENTIES,MALE,전북특별자치도,전주시 완산구,풍남동3가
TWENTIES,FEMALE,전북특별자치도,전주시 완산구,풍남동3가
TWENTIES,MALE,전북특별자치도,전주시 완산구,풍남동3가
TWENTIES,MALE,전북특별자치도,전주시 완산구,풍남동3가
TWENTIES,MALE,전북특별자치도,전주시 완산구,풍남동3가
TWENTIES,MALE,전북특별자치도,전주시 완산구,풍남동3가
TWENTIES,FEMALE,전북특별자치도,전주시 완산구,풍남동3가
TWENTIES,MALE,전북특별자치도,전주시 완산구,풍남동3가
TWENTIES,FEMALE,전북특별자치도,전주시 완산구,풍남동3가
TWENTIES,MALE,전북특별자치도,전주시 완산구,풍남동3가
TWENTIES,MALE,전북특별자치도,전주시 완산구,풍남동3가
TWENTIES,MALE,전북특별자치도,전주시 완산구,풍남동3가
TWENTIES,FEMALE,전북특별자치도,전주시 완산구,풍남동3가
TWENTIES,MALE,전북특별자치도,전주시 완산구,풍남동3가
TWENTIES,MALE,전북특별자치도,전주시 완산구,풍남동3가
TWENTIES,FEMALE,전북특별자치도,전주시 완산구,풍남동3가
TWENTIES,FEMALE,전북특별자치도,전주시 완산구,풍남동3가
TWENTIES,MALE,전북특별자치도,전주시 완산구,풍남동3가
TWENTIES,MALE,전북특별자치도,전주시 완산구,풍남동3가
TWENTIES,FEMALE,전북특별자치도,전주시 완산구,풍남동3가
TWENTIES,MALE,전북특별자치도,전주시 완산구,풍남동3가
TWENTIES,FEMALE,전북특별자치도,전주시 완산구,풍남동3가
TWENTIES,FEMALE,전북특별자치도,전주시 완산구,풍남동3가
TWENTIES,FEMALE,전북특별자치도,전주시 완산구,풍남동3가
TWENTIES,MALE,전북특별자치도,전주시 완산구,풍남동3가
TWENTIES,MALE,전북특별자치도,전주시 완산구,풍남동3가
TWENTIES,FEMALE,전북특별자치도,전주시 완산구,풍남동3가
TWENTIES,MALE,전북특별자치도,전주시 완산구,풍남동3가
TWENTIES,MALE,전북특별자치도,전주시 완산구,풍남동3가
TWENTIES,FEMALE,전북특별자치도,전주시 완산구,풍남동3가
TWENTIES,MALE,전북특별자치도,전주시 완산구,풍남동3가
TWENTIES,FEMALE,전북특별자치도,전주시 완산구,풍남동3가
TWENTIES,MALE,전북특별자치도,전주시 완산구,풍남동3가
TWENTIES,FEMALE,전북특별자치도,전주시 완산구,풍남동3가
TWENTIES,MALE,전북특별자치도,전주시 완산구,풍남동3가
TWENTIES,MALE,전북특별자치도,전주시 완산구,풍남동3가
TWENTIES,MALE,전북특별자치도,전주시 완산구,풍남동3가
TWENTIES,MALE,전북특별자치도,전주시 완산구,풍남동3가
TWENTIES,FEMALE,전북특별자치도,전주시 완산구,풍남동3가
TWENTIES,FEMALE,전북특별자치도,전주시 완산구,풍남동3가
TWENTIES,MALE,전북특별자치도,전주시 완산구,풍남동3가
TWENTIES,MALE,전북특별자치도,전주시 완산구,풍남동3가
TWENTIES,MALE,전북특별자치도,전주시 완산구,풍남동3가
TWENTIES,MALE,전북특별자치도,전주시 완산구,풍남동3가
TWENTIES,MALE,전북특별자치도,전주시 완산구,풍남동3가
TWENTIES,MALE,전북특별자치도,전주시 완산구,풍남동3가
TWENTIES,MALE,전북특별자치도,전주시 완산구,풍남동3가
TWENTIES,MALE,전북특별자치도,전주시 완산구,풍남동3가
TWENTIES,MALE,전북특별자치도,전주시 완산구,풍남동3가
TWENTIES,MALE,전북특별자치도,전주시 완산구,풍남동3가
TWENTIES,FEMALE,전북특별자치도,전주시 완산구,풍남동3가
TWENTIES,FEMALE,전북특별자치도,전주시 완산구,풍남동3가
TWENTIES,MALE,전북특별자치도,전주시 완산구,풍남동3가
TWENTIES,MALE,전북특별자치도,전주시 완산구,풍남동3가
TWENTIES,MALE,전북특별자치도,전주시 완산구,풍남동3가
TWENTIES,MALE,전북특별자치도,전주시 완산구,풍남동3가
TWENTIES,MALE,전북특별자치도,전주시 완산구,풍남동3가
TWENTIES,FEMALE,전북특별자치도,전주시 완산구,풍남동3가
TWENTIES,FEMALE,전북특별자치도,전주시 완산구,풍남동3가
TWENTIES,MALE,전북특별자치도,전주시 완산구,풍남동3가
TWENTIES,MALE,전북특별자치도,전주시 완산구,풍남동3가
TWENTIES,MALE,전북특별자치도,전주시 완산구,풍남동3가
TWENTIES,FEMALE,전북특별자치도,전주시 완산구,풍남동3가
TWENTIES,MALE,전북특별자치도,전주시 완산구,풍남동3가
TWENTIES,FEMALE,전북특별자치도,전주시 완산구,풍남동3가
TWENTIES,FEMALE,전북특별자치도,전주시 완산구,풍남동3가
TWENTIES,MALE,전북특별자치도,전주시 완산구,풍남동3가
TWENTIES,FEMALE,전북특별자치도,전주시 완산구,풍남동3가
TWENTIES,FEMALE,전북특별자치도,전주시 완산구,풍남동3가
TWENTIES,FEMALE,전북특별자치도,전주시 완산구,풍남동3가
TWENTIES,MALE,전북특별자치도,전주시 완산구,풍남동3가
TWENTIES,MALE,전북특별자치도,전주시 완산구,풍남동3가
TWENTIES,FEMALE,전북특별자치도,전주시 완산구,풍남동3가
TWENTIES,MALE,전북특별자치도,전주시 완산구,풍남동3가
TWENTIES,MALE,전북특별자치도,전주시 완산구,풍남동3가
TWENTIES,FEMALE,전북특별자치도,전주시 완산구,풍남동3가
TWENTIES,MALE,전북특별자치도,전주시 완산구,풍남동3가
TWENTIES,FEMALE,전북특별자치도,전주시 완산구,풍남동3가
TWENTIES,MALE,전북특별자치도,전주시 완산구,풍남동3가
TWENTIES,FEMALE,전북특별자치도,전주시 완산구,풍남동3가
TWENTIES,FEMALE,전북특별자치도,전주시 완산구,풍남동3가
TWENTIES,FEMALE,전북특별자치도,전주시 완산구,풍남동3가
TWENTIES,FEMALE,전북특별자치도,전주시 완산구,풍남동3가
